Unnamed: 0,date,DRAWWORK,MUDPUMP,GENERATOR,DIESEL,DRILL,battery_type
0,01/03/2022,9,5,3,4,3,JSU
1,01/03/2022,10,6,10,8,3,LEK
2,01/03/2022,10,5,4,10,5,NAJ
3,01/03/2022,10,5,6,7,9,POW
4,01/03/2022,10,3,3,4,8,ZSF
5,02/03/2022,10,8,5,10,7,JSU
6,02/03/2022,9,8,9,8,10,LEK
7,02/03/2022,6,7,7,9,7,NAJ
8,02/03/2022,7,8,4,7,5,POW
9,02/03/2022,6,3,10,6,4,ZSF
10,03/03/2022,8,8,5,4,10,JSU
11,03/03/2022,7,8,6,5,9,LEK
12,03/03/2022,6,6,5,6,8,NAJ
13,03/03/2022,5,7,6,9,8,POW
14,03/03/2022,7,10,4,3,9,ZSF
15,04/03/2022,4,8,4,8,6,JSU
16,04/03/2022,6,8,5,7,7,LEK
17,04/03/2022,8,9,5,4,6,NAJ
18,04/03/2022,9,10,7,6,9,POW
19,04/03/2022,6,9,4,9,3,ZSF
20,05/03/2022,6,9,10,10,5,JSU
21,05/03/2022,8,6,8,10,5,LEK
22,05/03/2022,10,5,9,5,9,NAJ
23,05/03/2022,7,4,4,8,10,POW
24,05/03/2022,3,7,6,5,7,ZSF
25,06/03/2022,4,3,10,3,9,JSU
26,06/03/2022,4,5,4,9,4,LEK
27,06/03/2022,5,5,7,3,10,NAJ
28,06/03/2022,3,6,4,9,6,POW
29,06/03/2022,10,8,5,6,4,ZSF
30,07/03/2022,7,10,9,3,5,JSU
31,07/03/2022,6,10,8,8,4,LEK
32,07/03/2022,10,3,4,8,5,NAJ
33,07/03/2022,3,9,4,4,7,POW
34,07/03/2022,5,7,6,4,8,ZSF
35,08/03/2022,8,7,5,3,3,JSU
36,08/03/2022,5,10,10,9,9,LEK
37,08/03/2022,9,4,6,8,3,NAJ
38,08/03/2022,9,8,10,5,6,POW
39,08/03/2022,6,7,5,6,10,ZSF
40,09/03/2022,8,4,10,10,4,JSU
41,09/03/2022,5,7,8,5,9,LEK
42,09/03/2022,9,8,9,5,6,NAJ
43,09/03/2022,3,10,8,6,8,POW
44,09/03/2022,3,3,6,8,6,ZSF
45,10/03/2022,6,4,6,10,7,JSU
46,10/03/2022,5,4,4,9,6,LEK
47,10/03/2022,4,6,8,6,8,NAJ
48,10/03/2022,8,4,4,10,9,POW
49,10/03/2022,6,7,7,6,3,ZSF
50,11/03/2022,4,4,6,10,5,JSU
51,11/03/2022,5,7,7,3,9,LEK
52,11/03/2022,9,8,5,3,10,NAJ
53,11/03/2022,9,10,3,10,5,POW
54,11/03/2022,6,8,4,10,7,ZSF
55,12/03/2022,5,8,8,5,10,JSU
56,12/03/2022,6,3,4,6,8,LEK
57,12/03/2022,3,6,6,5,6,NAJ
58,12/03/2022,4,8,9,9,5,POW
59,12/03/2022,4,4,8,3,3,ZSF
60,13/03/2022,8,3,3,7,7,JSU
61,13/03/2022,6,7,10,7,3,LEK
62,13/03/2022,6,9,6,3,3,NAJ
63,13/03/2022,6,3,7,10,4,POW
64,13/03/2022,4,3,8,4,8,ZSF
65,14/03/2022,9,4,7,5,3,JSU
66,14/03/2022,6,6,6,8,9,LEK
67,14/03/2022,5,3,7,7,9,NAJ
68,14/03/2022,8,6,5,5,4,POW
69,14/03/2022,8,4,7,10,6,ZSF
70,15/03/2022,6,5,4,3,9,JSU
71,15/03/2022,8,8,9,9,6,LEK
72,15/03/2022,6,7,10,7,6,NAJ
73,15/03/2022,7,4,6,3,9,POW
74,15/03/2022,8,4,5,3,5,ZSF
75,16/03/2022,10,6,5,5,10,JSU
76,16/03/2022,7,8,4,5,5,LEK
77,16/03/2022,4,8,7,4,10,NAJ
78,16/03/2022,3,4,9,6,8,POW
79,16/03/2022,6,6,10,7,8,ZSF
80,17/03/2022,8,3,4,7,10,JSU
81,17/03/2022,8,6,10,9,3,LEK
82,17/03/2022,9,5,3,8,6,NAJ
83,17/03/2022,7,9,3,9,6,POW
84,17/03/2022,10,10,5,3,6,ZSF
85,18/03/2022,4,9,9,8,9,JSU
86,18/03/2022,8,8,9,3,4,LEK
87,18/03/2022,4,10,5,6,3,NAJ
88,18/03/2022,7,4,9,10,10,POW
89,18/03/2022,6,3,4,5,8,ZSF
90,19/03/2022,8,10,3,10,10,JSU
91,19/03/2022,9,3,3,4,3,LEK
92,19/03/2022,9,4,7,8,10,NAJ
93,19/03/2022,7,6,10,4,6,POW
94,19/03/2022,4,10,5,5,4,ZSF
95,20/03/2022,8,9,6,3,4,JSU
96,20/03/2022,7,5,10,10,4,LEK
97,20/03/2022,4,3,8,3,3,NAJ
98,20/03/2022,8,3,7,4,9,POW
99,20/03/2022,9,3,5,3,9,ZSF
100,21/03/2022,3,4,5,7,3,JSU
101,21/03/2022,8,3,3,9,7,LEK
102,21/03/2022,3,9,7,10,8,NAJ
103,21/03/2022,7,8,8,10,4,POW
104,21/03/2022,6,3,4,7,6,ZSF
105,22/03/2022,6,8,8,8,4,JSU
106,22/03/2022,9,5,3,9,7,LEK
107,22/03/2022,7,9,5,7,8,NAJ
108,22/03/2022,10,7,4,6,6,POW
109,22/03/2022,6,10,10,3,4,ZSF
110,23/03/2022,3,4,9,6,9,JSU
111,23/03/2022,8,8,10,7,3,LEK
112,23/03/2022,7,5,8,6,4,NAJ
113,23/03/2022,3,10,8,8,10,POW
114,23/03/2022,4,6,3,7,7,ZSF
115,24/03/2022,6,7,7,7,3,JSU
116,24/03/2022,8,5,5,7,6,LEK
117,24/03/2022,8,7,10,6,10,NAJ
118,24/03/2022,10,3,5,4,3,POW
119,24/03/2022,5,3,10,8,9,ZSF
120,25/03/2022,10,9,8,8,5,JSU
121,25/03/2022,10,8,10,3,10,LEK
122,25/03/2022,10,9,3,4,10,NAJ
123,25/03/2022,7,5,4,8,5,POW
124,25/03/2022,5,3,4,8,5,ZSF
125,26/03/2022,5,6,10,3,3,JSU
126,26/03/2022,9,4,9,6,8,LEK
127,26/03/2022,7,6,4,6,4,NAJ
128,26/03/2022,9,5,8,8,9,POW
129,26/03/2022,10,3,4,6,5,ZSF
130,27/03/2022,4,9,8,7,5,JSU
131,27/03/2022,6,5,10,8,6,LEK
132,27/03/2022,4,3,6,6,9,NAJ
133,27/03/2022,10,10,7,8,7,POW
134,27/03/2022,10,9,7,5,4,ZSF
135,28/03/2022,5,5,6,10,9,JSU
136,28/03/2022,10,7,9,5,3,LEK
137,28/03/2022,9,3,8,3,7,NAJ
138,28/03/2022,5,8,4,8,7,POW
139,28/03/2022,10,5,6,5,4,ZSF
140,29/03/2022,4,4,9,3,6,JSU
141,29/03/2022,10,3,8,3,5,LEK
142,29/03/2022,3,8,10,8,3,NAJ
143,29/03/2022,6,6,9,9,6,POW
144,29/03/2022,6,7,8,3,7,ZSF
145,30/03/2022,5,4,7,8,10,JSU
146,30/03/2022,6,5,3,8,4,LEK
147,30/03/2022,8,4,4,3,9,NAJ
148,30/03/2022,8,5,6,7,9,POW
149,30/03/2022,10,6,8,6,8,ZSF
150,31/03/2022,10,9,4,5,10,JSU
151,31/03/2022,9,9,7,5,6,LEK
152,31/03/2022,6,4,6,5,3,NAJ
153,31/03/2022,7,10,3,6,10,POW
154,31/03/2022,4,9,3,9,5,ZSF
155,01/04/2022,8,8,10,5,10,JSU
156,01/04/2022,5,4,8,9,3,LEK
157,01/04/2022,4,4,6,4,8,NAJ
158,01/04/2022,5,4,6,10,4,POW
159,01/04/2022,10,4,6,8,6,ZSF
160,02/04/2022,7,8,6,6,9,JSU
161,02/04/2022,8,3,7,3,3,LEK
162,02/04/2022,3,7,3,5,10,NAJ
163,02/04/2022,8,10,6,5,5,POW
164,02/04/2022,7,9,8,9,6,ZSF
165,03/04/2022,8,3,10,6,3,JSU
166,03/04/2022,5,9,8,6,9,LEK
167,03/04/2022,5,7,7,9,10,NAJ
168,03/04/2022,9,9,9,6,8,POW
169,03/04/2022,3,8,6,10,7,ZSF
170,04/04/2022,6,3,9,8,7,JSU
171,04/04/2022,5,7,9,9,5,LEK
172,04/04/2022,7,4,10,8,3,NAJ
173,04/04/2022,8,8,5,4,9,POW
174,04/04/2022,8,7,8,10,9,ZSF
175,05/04/2022,8,10,4,10,5,JSU
176,05/04/2022,9,8,10,7,3,LEK
177,05/04/2022,3,8,10,10,10,NAJ
178,05/04/2022,3,4,8,8,9,POW
179,05/04/2022,3,4,9,3,7,ZSF
180,06/04/2022,3,9,10,6,9,JSU
181,06/04/2022,5,3,8,8,6,LEK
182,06/04/2022,3,9,9,8,5,NAJ
183,06/04/2022,4,8,8,7,6,POW
184,06/04/2022,4,6,3,9,6,ZSF
185,07/04/2022,4,6,9,9,6,JSU
186,07/04/2022,9,8,7,6,4,LEK
187,07/04/2022,5,7,10,6,9,NAJ
188,07/04/2022,3,5,5,5,7,POW
189,07/04/2022,5,8,8,7,10,ZSF
190,08/04/2022,9,7,4,4,8,JSU
191,08/04/2022,4,8,8,8,3,LEK
192,08/04/2022,10,9,4,9,5,NAJ
193,08/04/2022,8,8,8,8,9,POW
194,08/04/2022,3,5,8,9,6,ZSF
195,09/04/2022,3,9,3,4,3,JSU
196,09/04/2022,9,3,7,3,10,LEK
197,09/04/2022,4,4,4,10,8,NAJ
198,09/04/2022,9,10,3,3,8,POW
199,09/04/2022,9,10,8,10,7,ZSF
200,10/04/2022,8,10,3,9,3,JSU
201,10/04/2022,6,4,9,4,4,LEK
202,10/04/2022,6,10,4,9,4,NAJ
203,10/04/2022,6,10,8,6,10,POW
204,10/04/2022,6,9,10,9,5,ZSF
205,11/04/2022,4,10,7,5,3,JSU
206,11/04/2022,7,4,4,7,9,LEK
207,11/04/2022,4,9,4,10,6,NAJ
208,11/04/2022,7,8,3,10,7,POW
209,11/04/2022,7,3,8,10,9,ZSF
210,12/04/2022,5,9,6,10,6,JSU
211,12/04/2022,4,5,10,7,4,LEK
212,12/04/2022,9,10,7,4,10,NAJ
213,12/04/2022,4,8,7,4,9,POW
214,12/04/2022,7,10,3,4,10,ZSF
215,13/04/2022,9,7,5,8,10,JSU
216,13/04/2022,3,7,9,10,7,LEK
217,13/04/2022,3,8,5,8,3,NAJ
218,13/04/2022,3,9,6,9,8,POW
219,13/04/2022,7,6,5,7,6,ZSF
220,14/04/2022,3,7,4,3,10,JSU
221,14/04/2022,6,6,10,5,8,LEK
222,14/04/2022,9,6,8,10,9,NAJ
223,14/04/2022,8,8,10,3,6,POW
224,14/04/2022,3,3,4,4,9,ZSF
225,15/04/2022,6,9,6,9,5,JSU
226,15/04/2022,8,3,10,4,8,LEK
227,15/04/2022,3,6,4,5,4,NAJ
228,15/04/2022,9,3,6,8,7,POW
229,15/04/2022,6,3,10,9,5,ZSF
230,16/04/2022,9,10,6,4,6,JSU
231,16/04/2022,6,3,4,5,10,LEK
232,16/04/2022,3,9,3,4,9,NAJ
233,16/04/2022,10,7,7,4,5,POW
234,16/04/2022,4,5,3,9,8,ZSF
235,17/04/2022,8,7,4,3,8,JSU
236,17/04/2022,9,10,9,6,8,LEK
237,17/04/2022,7,9,5,7,3,NAJ
238,17/04/2022,8,7,8,5,9,POW
239,17/04/2022,10,5,10,5,10,ZSF
240,18/04/2022,10,9,7,9,8,JSU
241,18/04/2022,9,9,9,5,6,LEK
242,18/04/2022,4,9,6,5,4,NAJ
243,18/04/2022,6,5,3,7,7,POW
244,18/04/2022,3,3,8,6,6,ZSF
245,19/04/2022,4,4,10,6,6,JSU
246,19/04/2022,6,10,5,7,9,LEK
247,19/04/2022,10,5,7,3,10,NAJ
248,19/04/2022,3,7,7,3,7,POW
249,19/04/2022,8,8,4,4,4,ZSF
250,20/04/2022,8,5,10,5,3,JSU
251,20/04/2022,5,10,5,10,3,LEK
252,20/04/2022,8,8,6,10,8,NAJ
253,20/04/2022,3,8,7,5,4,POW
254,20/04/2022,7,7,3,10,5,ZSF
255,21/04/2022,7,8,5,9,6,JSU
256,21/04/2022,10,8,8,3,8,LEK
257,21/04/2022,8,8,5,3,5,NAJ
258,21/04/2022,5,9,8,4,7,POW
259,21/04/2022,5,4,8,5,3,ZSF
260,22/04/2022,4,10,3,10,4,JSU
261,22/04/2022,3,3,10,5,3,LEK
262,22/04/2022,9,5,9,7,5,NAJ
263,22/04/2022,6,4,8,9,8,POW
264,22/04/2022,5,10,9,8,3,ZSF
265,23/04/2022,3,8,10,5,7,JSU
266,23/04/2022,5,9,10,6,3,LEK
267,23/04/2022,9,9,6,7,6,NAJ
268,23/04/2022,3,6,10,5,7,POW
269,23/04/2022,5,9,5,9,5,ZSF
270,24/04/2022,6,6,6,8,7,JSU
271,24/04/2022,7,7,6,8,6,LEK
272,24/04/2022,4,4,3,10,4,NAJ
273,24/04/2022,3,3,9,5,8,POW
274,24/04/2022,9,7,3,4,9,ZSF
275,25/04/2022,9,10,4,6,4,JSU
276,25/04/2022,9,4,3,10,10,LEK
277,25/04/2022,6,7,5,6,6,NAJ
278,25/04/2022,3,6,9,6,9,POW
279,25/04/2022,5,5,8,6,9,ZSF
280,26/04/2022,10,10,9,10,5,JSU
281,26/04/2022,7,4,9,7,5,LEK
282,26/04/2022,7,5,5,9,8,NAJ
283,26/04/2022,8,8,6,10,4,POW
284,26/04/2022,7,7,7,8,3,ZSF
285,27/04/2022,8,8,7,6,7,JSU
286,27/04/2022,9,4,7,3,8,LEK
287,27/04/2022,6,8,7,3,4,NAJ
288,27/04/2022,3,10,5,10,5,POW
289,27/04/2022,10,9,9,5,3,ZSF
290,28/04/2022,9,9,5,7,7,JSU
291,28/04/2022,3,7,5,7,3,LEK
292,28/04/2022,8,7,4,9,9,NAJ
293,28/04/2022,6,10,9,3,4,POW
294,28/04/2022,5,9,4,3,3,ZSF
295,29/04/2022,4,8,9,4,6,JSU
296,29/04/2022,6,5,8,9,3,LEK
297,29/04/2022,9,7,8,9,9,NAJ
298,29/04/2022,4,10,4,8,10,POW
299,29/04/2022,4,10,8,5,4,ZSF
300,30/04/2022,10,4,5,6,9,JSU
301,30/04/2022,10,4,7,7,10,LEK
302,30/04/2022,8,6,8,6,6,NAJ
303,30/04/2022,8,6,9,9,6,POW
304,30/04/2022,9,3,3,3,3,ZSF
305,01/05/2022,6,8,7,7,7,JSU
306,01/05/2022,8,5,4,6,9,LEK
307,01/05/2022,7,5,4,6,9,NAJ
308,01/05/2022,10,5,3,6,9,POW
309,01/05/2022,5,7,8,4,5,ZSF
310,02/05/2022,6,10,4,4,6,JSU
311,02/05/2022,3,7,9,7,3,LEK
312,02/05/2022,10,9,6,8,6,NAJ
313,02/05/2022,5,9,6,6,3,POW
314,02/05/2022,4,4,7,6,9,ZSF
315,03/05/2022,3,6,6,7,10,JSU
316,03/05/2022,10,6,6,3,10,LEK
317,03/05/2022,9,3,4,4,6,NAJ
318,03/05/2022,3,6,8,8,5,POW
319,03/05/2022,6,3,8,10,8,ZSF
320,04/05/2022,9,8,3,5,7,JSU
321,04/05/2022,3,8,5,7,3,LEK
322,04/05/2022,6,5,3,4,6,NAJ
323,04/05/2022,6,8,8,8,7,POW
324,04/05/2022,3,8,9,8,10,ZSF
325,05/05/2022,4,6,3,5,10,JSU
326,05/05/2022,7,4,4,10,4,LEK
327,05/05/2022,5,5,7,4,8,NAJ
328,05/05/2022,6,10,8,5,8,POW
329,05/05/2022,3,4,10,4,5,ZSF
330,06/05/2022,5,10,10,5,4,JSU
331,06/05/2022,8,7,8,5,6,LEK
332,06/05/2022,3,7,3,4,10,NAJ
333,06/05/2022,10,5,3,7,3,POW
334,06/05/2022,6,6,3,9,10,ZSF
335,07/05/2022,8,9,7,6,10,JSU
336,07/05/2022,5,4,4,6,3,LEK
337,07/05/2022,8,8,6,8,7,NAJ
338,07/05/2022,3,10,6,3,7,POW
339,07/05/2022,3,10,10,8,9,ZSF
340,08/05/2022,10,9,6,7,10,JSU
341,08/05/2022,10,7,5,5,5,LEK
342,08/05/2022,3,7,5,7,8,NAJ
343,08/05/2022,8,9,10,3,9,POW
344,08/05/2022,5,8,7,10,9,ZSF
345,09/05/2022,4,10,3,9,3,JSU
346,09/05/2022,4,5,8,5,6,LEK
347,09/05/2022,6,8,6,8,4,NAJ
348,09/05/2022,8,5,3,3,4,POW
349,09/05/2022,10,7,7,6,3,ZSF
350,10/05/2022,3,6,8,3,6,JSU
351,10/05/2022,4,7,10,10,6,LEK
352,10/05/2022,8,8,4,3,3,NAJ
353,10/05/2022,7,8,9,10,6,POW
354,10/05/2022,6,3,3,7,3,ZSF
355,11/05/2022,3,8,9,6,10,JSU
356,11/05/2022,3,9,3,10,8,LEK
357,11/05/2022,6,5,9,10,3,NAJ
358,11/05/2022,10,6,3,9,10,POW
359,11/05/2022,10,3,7,7,8,ZSF
360,12/05/2022,4,6,7,5,8,JSU
361,12/05/2022,10,5,8,10,6,LEK
362,12/05/2022,8,9,5,10,10,NAJ
363,12/05/2022,6,3,6,3,6,POW
364,12/05/2022,8,9,4,9,6,ZSF
365,13/05/2022,5,7,10,6,3,JSU
366,13/05/2022,3,6,9,8,6,LEK
367,13/05/2022,10,10,5,7,8,NAJ
368,13/05/2022,4,6,3,6,4,POW
369,13/05/2022,5,3,10,3,7,ZSF
370,14/05/2022,8,9,10,9,3,JSU
371,14/05/2022,8,4,3,6,10,LEK
372,14/05/2022,6,6,5,10,7,NAJ
373,14/05/2022,4,5,4,3,3,POW
374,14/05/2022,7,5,9,8,4,ZSF
375,15/05/2022,8,7,4,5,3,JSU
376,15/05/2022,6,6,7,6,9,LEK
377,15/05/2022,7,8,3,4,8,NAJ
378,15/05/2022,9,3,9,10,7,POW
379,15/05/2022,5,4,10,6,10,ZSF
380,16/05/2022,6,8,10,3,3,JSU
381,16/05/2022,7,7,8,9,3,LEK
382,16/05/2022,4,4,4,4,7,NAJ
383,16/05/2022,7,5,7,7,4,POW
384,16/05/2022,6,4,6,10,6,ZSF
385,17/05/2022,4,8,4,3,5,JSU
386,17/05/2022,5,9,6,6,3,LEK
387,17/05/2022,10,5,3,3,5,NAJ
388,17/05/2022,5,6,5,5,6,POW
389,17/05/2022,10,6,10,9,9,ZSF
390,18/05/2022,7,10,7,3,8,JSU
391,18/05/2022,3,3,5,3,6,LEK
392,18/05/2022,4,8,4,3,10,NAJ
393,18/05/2022,5,5,8,9,3,POW
394,18/05/2022,3,6,6,8,4,ZSF
395,19/05/2022,4,5,7,6,6,JSU
396,19/05/2022,10,9,3,3,7,LEK
397,19/05/2022,7,10,3,4,6,NAJ
398,19/05/2022,10,5,10,10,5,POW
399,19/05/2022,9,7,9,3,6,ZSF
400,20/05/2022,3,4,7,4,10,JSU
401,20/05/2022,7,3,8,6,7,LEK
402,20/05/2022,10,7,8,8,6,NAJ
403,20/05/2022,6,6,10,7,3,POW
404,20/05/2022,4,4,10,10,5,ZSF
405,21/05/2022,7,10,9,6,10,JSU
406,21/05/2022,4,7,5,4,10,LEK
407,21/05/2022,3,3,4,6,3,NAJ
408,21/05/2022,10,4,5,3,4,POW
409,21/05/2022,10,10,6,5,9,ZSF
410,22/05/2022,5,6,9,7,5,JSU
411,22/05/2022,4,7,5,5,9,LEK
412,22/05/2022,3,3,4,5,7,NAJ
413,22/05/2022,4,7,4,10,9,POW
414,22/05/2022,3,10,5,6,9,ZSF
415,23/05/2022,3,4,10,9,3,JSU
416,23/05/2022,3,3,3,4,8,LEK
417,23/05/2022,9,10,9,10,7,NAJ
418,23/05/2022,9,10,8,8,8,POW
419,23/05/2022,4,8,5,9,6,ZSF
420,24/05/2022,10,4,8,8,9,JSU
421,24/05/2022,5,5,3,9,10,LEK
422,24/05/2022,9,5,7,7,3,NAJ
423,24/05/2022,3,6,8,9,10,POW
424,24/05/2022,3,6,9,9,10,ZSF
425,25/05/2022,6,9,3,9,8,JSU
426,25/05/2022,6,3,5,5,7,LEK
427,25/05/2022,8,4,4,7,6,NAJ
428,25/05/2022,8,10,9,8,5,POW
429,25/05/2022,5,10,5,3,6,ZSF
430,26/05/2022,4,4,6,3,4,JSU
431,26/05/2022,4,3,8,9,5,LEK
432,26/05/2022,9,9,8,10,4,NAJ
433,26/05/2022,10,9,9,10,3,POW
434,26/05/2022,7,3,6,8,7,ZSF
435,27/05/2022,9,6,8,6,4,JSU
436,27/05/2022,7,6,3,10,9,LEK
437,27/05/2022,4,6,7,4,7,NAJ
438,27/05/2022,9,7,10,8,6,POW
439,27/05/2022,5,8,6,5,8,ZSF
440,28/05/2022,7,6,3,10,7,JSU
441,28/05/2022,6,5,9,7,5,LEK
442,28/05/2022,8,5,6,3,7,NAJ
443,28/05/2022,6,10,6,4,3,POW
444,28/05/2022,4,7,8,5,8,ZSF
445,29/05/2022,6,4,4,4,5,JSU
446,29/05/2022,9,4,6,4,7,LEK
447,29/05/2022,3,4,4,10,4,NAJ
448,29/05/2022,8,6,6,9,8,POW
449,29/05/2022,10,9,3,8,5,ZSF
450,30/05/2022,6,10,7,3,7,JSU
451,30/05/2022,9,5,8,5,8,LEK
452,30/05/2022,3,6,7,4,6,NAJ
453,30/05/2022,6,9,10,10,9,POW
454,30/05/2022,7,7,9,3,6,ZSF
455,31/05/2022,8,4,8,4,8,JSU
456,31/05/2022,8,10,8,6,3,LEK
457,31/05/2022,3,7,8,4,8,NAJ
458,31/05/2022,9,10,8,4,4,POW
459,31/05/2022,7,3,8,4,8,ZSF
460,01/06/2022,10,8,8,3,10,JSU
461,01/06/2022,4,10,8,7,7,LEK
462,01/06/2022,10,6,3,6,3,NAJ
463,01/06/2022,9,9,7,10,5,POW
464,01/06/2022,6,10,5,6,3,ZSF
465,02/06/2022,8,8,10,3,7,JSU
466,02/06/2022,5,7,5,4,9,LEK
467,02/06/2022,5,8,9,3,6,NAJ
468,02/06/2022,6,3,7,3,8,POW
469,02/06/2022,6,10,7,3,3,ZSF
470,03/06/2022,8,8,5,4,3,JSU
471,03/06/2022,5,6,3,10,8,LEK
472,03/06/2022,3,10,3,8,9,NAJ
473,03/06/2022,4,10,6,6,4,POW
474,03/06/2022,7,9,10,7,9,ZSF
475,04/06/2022,10,8,9,3,4,JSU
476,04/06/2022,7,8,6,9,5,LEK
477,04/06/2022,8,8,4,9,5,NAJ
478,04/06/2022,3,3,10,4,9,POW
479,04/06/2022,6,3,10,10,7,ZSF
480,05/06/2022,3,9,9,5,8,JSU
481,05/06/2022,3,7,5,4,3,LEK
482,05/06/2022,10,7,7,7,7,NAJ
483,05/06/2022,7,5,8,8,9,POW
484,05/06/2022,5,8,6,4,9,ZSF
485,06/06/2022,6,5,3,9,4,JSU
486,06/06/2022,10,9,5,5,9,LEK
487,06/06/2022,8,8,5,9,4,NAJ
488,06/06/2022,7,10,4,8,4,POW
489,06/06/2022,4,10,6,6,9,ZSF
490,07/06/2022,9,6,8,8,6,JSU
491,07/06/2022,5,7,5,10,7,LEK
492,07/06/2022,9,4,5,9,5,NAJ
493,07/06/2022,4,6,8,7,9,POW
494,07/06/2022,8,8,6,6,9,ZSF
495,08/06/2022,4,7,7,5,7,JSU
496,08/06/2022,3,10,10,7,7,LEK
497,08/06/2022,9,5,4,6,5,NAJ
498,08/06/2022,8,6,6,5,3,POW
499,08/06/2022,8,5,10,5,6,ZSF
500,09/06/2022,3,4,9,7,4,JSU
501,09/06/2022,9,6,4,6,4,LEK
502,09/06/2022,5,10,3,6,3,NAJ
503,09/06/2022,7,10,4,10,3,POW
504,09/06/2022,10,10,4,10,8,ZSF
505,10/06/2022,4,5,3,6,10,JSU
506,10/06/2022,7,8,10,5,4,LEK
507,10/06/2022,3,5,10,4,5,NAJ
508,10/06/2022,4,8,8,6,6,POW
509,10/06/2022,6,4,3,4,6,ZSF
510,11/06/2022,9,8,8,7,5,JSU
511,11/06/2022,10,10,8,7,10,LEK
512,11/06/2022,8,5,10,3,8,NAJ
513,11/06/2022,8,4,6,3,7,POW
514,11/06/2022,6,5,8,4,3,ZSF
515,12/06/2022,10,5,4,5,10,JSU
516,12/06/2022,3,5,8,10,9,LEK
517,12/06/2022,4,9,9,5,8,NAJ
518,12/06/2022,6,10,9,4,10,POW
519,12/06/2022,4,9,7,10,9,ZSF
520,13/06/2022,6,5,3,6,9,JSU
521,13/06/2022,9,5,8,3,3,LEK
522,13/06/2022,5,3,9,7,5,NAJ
523,13/06/2022,4,6,3,6,7,POW
524,13/06/2022,5,8,10,7,8,ZSF
525,14/06/2022,3,9,3,6,7,JSU
526,14/06/2022,9,8,9,4,7,LEK
527,14/06/2022,9,7,7,4,7,NAJ
528,14/06/2022,6,5,9,6,5,POW
529,14/06/2022,3,9,7,6,9,ZSF
530,15/06/2022,4,3,4,9,4,JSU
531,15/06/2022,10,3,3,3,5,LEK
532,15/06/2022,10,4,5,8,10,NAJ
533,15/06/2022,6,4,5,7,7,POW
534,15/06/2022,4,10,3,7,7,ZSF
535,16/06/2022,8,4,9,3,10,JSU
536,16/06/2022,6,8,6,5,9,LEK
537,16/06/2022,8,10,3,9,6,NAJ
538,16/06/2022,5,5,8,5,5,POW
539,16/06/2022,8,7,9,8,10,ZSF
540,17/06/2022,6,3,8,8,9,JSU
541,17/06/2022,5,9,3,7,6,LEK
542,17/06/2022,4,5,4,9,5,NAJ
543,17/06/2022,9,4,10,6,4,POW
544,17/06/2022,8,10,4,6,7,ZSF
545,18/06/2022,5,3,9,4,10,JSU
546,18/06/2022,6,4,5,4,9,LEK
547,18/06/2022,8,4,8,8,7,NAJ
548,18/06/2022,8,10,5,7,9,POW
549,18/06/2022,10,6,4,9,4,ZSF
550,19/06/2022,5,6,4,6,7,JSU
551,19/06/2022,8,4,5,7,8,LEK
552,19/06/2022,3,7,10,6,3,NAJ
553,19/06/2022,10,3,10,8,6,POW
554,19/06/2022,3,10,10,10,4,ZSF
555,20/06/2022,7,7,8,4,9,JSU
556,20/06/2022,6,5,9,4,8,LEK
557,20/06/2022,5,5,6,8,4,NAJ
558,20/06/2022,8,3,10,3,7,POW
559,20/06/2022,6,6,8,9,9,ZSF
560,21/06/2022,7,9,9,4,5,JSU
561,21/06/2022,9,4,3,3,7,LEK
562,21/06/2022,4,5,6,10,6,NAJ
563,21/06/2022,8,8,4,6,10,POW
564,21/06/2022,4,5,8,4,3,ZSF
565,22/06/2022,5,6,8,10,6,JSU
566,22/06/2022,7,7,8,3,7,LEK
567,22/06/2022,9,8,10,5,3,NAJ
568,22/06/2022,8,9,9,9,8,POW
569,22/06/2022,9,5,6,10,9,ZSF
570,23/06/2022,4,5,7,8,4,JSU
571,23/06/2022,8,3,4,3,6,LEK
572,23/06/2022,7,8,4,5,4,NAJ
573,23/06/2022,6,7,10,8,7,POW
574,23/06/2022,7,8,5,7,7,ZSF
575,24/06/2022,6,3,8,5,5,JSU
576,24/06/2022,9,8,6,8,4,LEK
577,24/06/2022,8,6,4,5,3,NAJ
578,24/06/2022,7,5,3,5,4,POW
579,24/06/2022,4,6,7,7,10,ZSF
580,25/06/2022,5,9,3,10,3,JSU
581,25/06/2022,10,5,3,8,6,LEK
582,25/06/2022,4,8,8,4,9,NAJ
583,25/06/2022,9,6,4,6,5,POW
584,25/06/2022,8,5,8,4,10,ZSF
585,26/06/2022,9,5,7,5,6,JSU
586,26/06/2022,7,7,5,3,4,LEK
587,26/06/2022,7,3,6,6,6,NAJ
588,26/06/2022,6,10,5,8,9,POW
589,26/06/2022,9,5,8,3,7,ZSF
590,27/06/2022,6,8,3,6,8,JSU
591,27/06/2022,10,8,5,6,4,LEK
592,27/06/2022,6,4,5,4,6,NAJ
593,27/06/2022,7,5,8,6,3,POW
594,27/06/2022,4,8,5,8,7,ZSF
595,28/06/2022,4,8,4,7,9,JSU
596,28/06/2022,5,10,8,8,7,LEK
597,28/06/2022,4,3,6,5,4,NAJ
598,28/06/2022,6,8,8,4,4,POW
599,28/06/2022,7,5,7,7,8,ZSF
600,29/06/2022,4,9,10,5,3,JSU
601,29/06/2022,10,3,10,3,9,LEK
602,29/06/2022,7,7,5,10,8,NAJ
603,29/06/2022,5,10,10,5,4,POW
604,29/06/2022,8,10,6,6,8,ZSF
605,30/06/2022,7,8,3,5,5,JSU
606,30/06/2022,7,8,10,9,9,LEK
607,30/06/2022,8,10,4,4,7,NAJ
608,30/06/2022,10,6,4,7,10,POW
609,30/06/2022,6,8,9,8,7,ZSF
610,01/07/2022,4,4,3,9,7,JSU
611,01/07/2022,9,4,10,6,5,LEK
612,01/07/2022,6,8,5,3,3,NAJ
613,01/07/2022,6,6,10,6,6,POW
614,01/07/2022,8,4,8,7,7,ZSF
615,02/07/2022,5,9,7,4,3,JSU
616,02/07/2022,5,9,3,7,8,LEK
617,02/07/2022,7,10,5,4,4,NAJ
618,02/07/2022,4,9,10,10,4,POW
619,02/07/2022,6,4,5,7,4,ZSF
620,03/07/2022,6,10,3,7,6,JSU
621,03/07/2022,10,8,10,10,9,LEK
622,03/07/2022,4,3,6,9,6,NAJ
623,03/07/2022,8,8,8,6,3,POW
624,03/07/2022,6,3,7,4,4,ZSF
625,04/07/2022,7,4,7,5,10,JSU
626,04/07/2022,7,7,5,9,4,LEK
627,04/07/2022,9,5,6,10,3,NAJ
628,04/07/2022,3,6,10,6,5,POW
629,04/07/2022,3,7,8,5,9,ZSF
630,05/07/2022,7,5,8,3,3,JSU
631,05/07/2022,8,7,6,4,6,LEK
632,05/07/2022,7,5,3,8,3,NAJ
633,05/07/2022,8,4,5,3,5,POW
634,05/07/2022,7,6,9,9,8,ZSF
635,06/07/2022,9,6,10,7,3,JSU
636,06/07/2022,9,4,3,3,3,LEK
637,06/07/2022,7,5,3,5,7,NAJ
638,06/07/2022,6,8,6,4,8,POW
639,06/07/2022,9,9,8,10,8,ZSF
640,07/07/2022,8,7,4,6,10,JSU
641,07/07/2022,5,3,7,5,3,LEK
642,07/07/2022,7,6,10,8,8,NAJ
643,07/07/2022,5,5,5,5,6,POW
644,07/07/2022,7,4,5,6,3,ZSF
645,08/07/2022,6,5,7,7,7,JSU
646,08/07/2022,7,4,9,7,5,LEK
647,08/07/2022,9,10,7,7,8,NAJ
648,08/07/2022,8,8,8,4,6,POW
649,08/07/2022,9,6,10,6,6,ZSF
650,09/07/2022,4,9,6,10,3,JSU
651,09/07/2022,9,8,5,10,5,LEK
652,09/07/2022,4,7,5,3,3,NAJ
653,09/07/2022,8,9,6,7,7,POW
654,09/07/2022,3,9,3,10,5,ZSF
655,10/07/2022,9,3,9,5,5,JSU
656,10/07/2022,6,9,4,8,4,LEK
657,10/07/2022,8,10,5,3,4,NAJ
658,10/07/2022,3,5,5,8,9,POW
659,10/07/2022,4,4,5,10,9,ZSF
660,11/07/2022,10,5,4,3,7,JSU
661,11/07/2022,6,3,9,6,7,LEK
662,11/07/2022,6,10,5,6,4,NAJ
663,11/07/2022,4,5,5,8,8,POW
664,11/07/2022,5,4,3,9,9,ZSF
665,12/07/2022,6,4,7,6,8,JSU
666,12/07/2022,6,3,9,4,10,LEK
667,12/07/2022,7,7,6,8,10,NAJ
668,12/07/2022,3,6,9,8,7,POW
669,12/07/2022,10,3,8,5,10,ZSF
670,13/07/2022,9,4,5,6,8,JSU
671,13/07/2022,4,10,9,8,4,LEK
672,13/07/2022,5,9,5,8,3,NAJ
673,13/07/2022,8,4,9,5,8,POW
674,13/07/2022,9,4,5,4,4,ZSF
675,14/07/2022,7,8,5,3,7,JSU
676,14/07/2022,9,4,10,10,8,LEK
677,14/07/2022,8,6,3,8,6,NAJ
678,14/07/2022,10,4,7,3,8,POW
679,14/07/2022,6,8,9,4,3,ZSF
680,15/07/2022,10,4,4,7,8,JSU
681,15/07/2022,5,3,6,3,10,LEK
682,15/07/2022,3,3,9,7,9,NAJ
683,15/07/2022,5,6,3,4,3,POW
684,15/07/2022,4,9,3,10,6,ZSF
685,16/07/2022,7,4,6,7,4,JSU
686,16/07/2022,4,3,8,6,9,LEK
687,16/07/2022,4,6,10,8,3,NAJ
688,16/07/2022,5,5,4,8,3,POW
689,16/07/2022,10,9,3,5,4,ZSF
690,17/07/2022,5,7,4,7,9,JSU
691,17/07/2022,5,3,10,3,8,LEK
692,17/07/2022,10,8,6,7,4,NAJ
693,17/07/2022,6,8,5,9,10,POW
694,17/07/2022,6,7,6,4,5,ZSF
695,18/07/2022,8,8,9,9,5,JSU
696,18/07/2022,9,4,3,9,3,LEK
697,18/07/2022,3,8,6,7,9,NAJ
698,18/07/2022,7,10,9,4,3,POW
699,18/07/2022,7,3,6,7,7,ZSF
700,19/07/2022,7,10,8,10,5,JSU
701,19/07/2022,9,9,6,8,5,LEK
702,19/07/2022,5,10,8,5,4,NAJ
703,19/07/2022,6,9,9,6,3,POW
704,19/07/2022,7,10,8,8,8,ZSF
705,20/07/2022,3,10,5,8,9,JSU
706,20/07/2022,5,7,10,9,9,LEK
707,20/07/2022,5,8,7,3,3,NAJ
708,20/07/2022,9,8,5,9,5,POW
709,20/07/2022,4,6,5,6,4,ZSF
710,21/07/2022,7,3,9,6,8,JSU
711,21/07/2022,10,4,3,9,7,LEK
712,21/07/2022,5,7,9,5,9,NAJ
713,21/07/2022,5,7,10,9,4,POW
714,21/07/2022,8,5,4,10,7,ZSF
715,22/07/2022,4,5,3,7,6,JSU
716,22/07/2022,5,5,6,4,4,LEK
717,22/07/2022,10,6,8,7,7,NAJ
718,22/07/2022,7,9,8,5,7,POW
719,22/07/2022,8,8,8,3,8,ZSF
720,23/07/2022,8,8,5,8,8,JSU
721,23/07/2022,4,7,6,9,4,LEK
722,23/07/2022,3,8,5,3,5,NAJ
723,23/07/2022,4,3,10,8,3,POW
724,23/07/2022,7,6,10,8,6,ZSF
725,24/07/2022,5,6,3,3,6,JSU
726,24/07/2022,3,10,8,5,4,LEK
727,24/07/2022,10,8,8,8,7,NAJ
728,24/07/2022,4,6,10,3,3,POW
729,24/07/2022,10,3,7,6,8,ZSF
730,25/07/2022,3,6,7,7,8,JSU
731,25/07/2022,6,6,7,8,6,LEK
732,25/07/2022,9,4,8,4,7,NAJ
733,25/07/2022,7,7,5,3,3,POW
734,25/07/2022,8,6,6,10,4,ZSF
735,26/07/2022,9,6,6,9,8,JSU
736,26/07/2022,7,8,3,7,3,LEK
737,26/07/2022,4,6,6,9,10,NAJ
738,26/07/2022,3,4,3,5,4,POW
739,26/07/2022,10,7,10,9,4,ZSF
740,27/07/2022,10,4,8,5,3,JSU
741,27/07/2022,7,8,10,9,3,LEK
742,27/07/2022,4,4,5,10,10,NAJ
743,27/07/2022,10,3,6,5,10,POW
744,27/07/2022,5,5,9,5,10,ZSF
745,28/07/2022,9,9,10,6,10,JSU
746,28/07/2022,4,6,3,8,9,LEK
747,28/07/2022,3,6,7,5,6,NAJ
748,28/07/2022,5,6,5,4,6,POW
749,28/07/2022,5,6,7,7,10,ZSF
750,29/07/2022,3,6,4,8,4,JSU
751,29/07/2022,7,10,5,10,7,LEK
752,29/07/2022,6,10,10,3,4,NAJ
753,29/07/2022,6,6,9,8,9,POW
754,29/07/2022,5,10,10,9,6,ZSF
755,30/07/2022,3,4,9,6,5,JSU
756,30/07/2022,9,6,3,5,4,LEK
757,30/07/2022,9,10,4,3,7,NAJ
758,30/07/2022,7,8,4,3,10,POW
759,30/07/2022,4,6,7,8,9,ZSF
760,31/07/2022,4,9,5,8,5,JSU
761,31/07/2022,6,3,8,9,4,LEK
762,31/07/2022,9,5,9,10,4,NAJ
763,31/07/2022,10,4,6,10,4,POW
764,31/07/2022,6,7,8,8,4,ZSF
765,01/08/2022,7,5,3,5,10,JSU
766,01/08/2022,10,9,3,3,9,LEK
767,01/08/2022,7,3,3,6,10,NAJ
768,01/08/2022,8,9,7,3,3,POW
769,01/08/2022,3,4,5,6,5,ZSF
770,02/08/2022,9,9,3,8,5,JSU
771,02/08/2022,3,9,6,5,4,LEK
772,02/08/2022,3,10,3,6,6,NAJ
773,02/08/2022,3,6,6,3,9,POW
774,02/08/2022,9,9,10,6,9,ZSF
775,03/08/2022,5,9,6,10,7,JSU
776,03/08/2022,4,4,6,7,8,LEK
777,03/08/2022,3,5,7,10,6,NAJ
778,03/08/2022,9,7,3,6,5,POW
779,03/08/2022,5,8,5,3,10,ZSF
780,04/08/2022,9,5,3,8,5,JSU
781,04/08/2022,3,4,6,8,4,LEK
782,04/08/2022,8,4,4,4,5,NAJ
783,04/08/2022,10,8,5,9,10,POW
784,04/08/2022,6,8,7,9,3,ZSF
785,05/08/2022,5,4,5,4,4,JSU
786,05/08/2022,5,9,4,4,10,LEK
787,05/08/2022,4,4,4,3,5,NAJ
788,05/08/2022,10,5,5,10,3,POW
789,05/08/2022,6,5,9,7,6,ZSF
790,06/08/2022,9,3,7,4,3,JSU
791,06/08/2022,6,10,7,5,6,LEK
792,06/08/2022,3,9,9,9,10,NAJ
793,06/08/2022,7,3,4,6,9,POW
794,06/08/2022,8,3,7,5,6,ZSF
795,07/08/2022,6,8,9,3,5,JSU
796,07/08/2022,10,6,6,6,5,LEK
797,07/08/2022,6,6,9,7,10,NAJ
798,07/08/2022,7,8,7,3,6,POW
799,07/08/2022,8,10,3,8,10,ZSF
800,08/08/2022,6,8,4,7,5,JSU
801,08/08/2022,8,9,9,9,3,LEK
802,08/08/2022,5,4,5,3,10,NAJ
803,08/08/2022,5,3,7,7,9,POW
804,08/08/2022,3,4,3,7,7,ZSF
805,09/08/2022,9,4,9,9,5,JSU
806,09/08/2022,9,4,7,8,6,LEK
807,09/08/2022,3,4,5,7,10,NAJ
808,09/08/2022,4,9,9,9,9,POW
809,09/08/2022,3,10,5,6,4,ZSF
810,10/08/2022,4,4,4,5,9,JSU
811,10/08/2022,6,10,3,4,8,LEK
812,10/08/2022,9,3,5,7,5,NAJ
813,10/08/2022,6,9,6,9,10,POW
814,10/08/2022,5,10,9,3,4,ZSF
815,11/08/2022,6,3,7,9,3,JSU
816,11/08/2022,4,4,4,9,10,LEK
817,11/08/2022,3,3,9,7,3,NAJ
818,11/08/2022,6,3,9,8,7,POW
819,11/08/2022,3,6,9,7,9,ZSF
820,12/08/2022,6,10,10,3,7,JSU
821,12/08/2022,3,10,9,5,7,LEK
822,12/08/2022,3,3,9,5,4,NAJ
823,12/08/2022,3,6,9,4,9,POW
824,12/08/2022,7,10,3,5,6,ZSF
825,13/08/2022,5,8,10,4,6,JSU
826,13/08/2022,9,3,8,4,10,LEK
827,13/08/2022,10,7,5,8,3,NAJ
828,13/08/2022,6,7,3,8,5,POW
829,13/08/2022,3,3,3,5,6,ZSF
830,14/08/2022,8,6,7,4,3,JSU
831,14/08/2022,8,9,9,3,10,LEK
832,14/08/2022,5,6,5,6,3,NAJ
833,14/08/2022,7,8,3,10,8,POW
834,14/08/2022,7,4,3,4,7,ZSF
835,15/08/2022,4,9,3,10,7,JSU
836,15/08/2022,4,3,7,6,10,LEK
837,15/08/2022,3,7,3,10,8,NAJ
838,15/08/2022,3,5,8,9,4,POW
839,15/08/2022,9,10,8,9,7,ZSF
840,16/08/2022,4,4,5,5,10,JSU
841,16/08/2022,4,4,4,5,3,LEK
842,16/08/2022,8,10,9,7,10,NAJ
843,16/08/2022,4,7,5,3,7,POW
844,16/08/2022,6,8,5,4,3,ZSF
845,17/08/2022,4,7,8,5,6,JSU
846,17/08/2022,5,4,10,8,6,LEK
847,17/08/2022,3,6,5,3,7,NAJ
848,17/08/2022,7,8,7,6,9,POW
849,17/08/2022,6,9,5,4,9,ZSF
850,18/08/2022,5,5,10,6,4,JSU
851,18/08/2022,6,10,3,5,7,LEK
852,18/08/2022,8,5,6,10,8,NAJ
853,18/08/2022,9,5,6,10,7,POW
854,18/08/2022,7,4,6,10,4,ZSF
855,19/08/2022,10,10,8,8,6,JSU
856,19/08/2022,3,7,8,10,3,LEK
857,19/08/2022,4,6,9,8,10,NAJ
858,19/08/2022,10,8,3,3,3,POW
859,19/08/2022,9,6,4,5,10,ZSF
860,20/08/2022,6,3,4,9,5,JSU
861,20/08/2022,6,10,8,4,8,LEK
862,20/08/2022,6,5,3,9,4,NAJ
863,20/08/2022,5,6,5,4,7,POW
864,20/08/2022,8,3,9,4,4,ZSF
865,21/08/2022,3,10,8,6,6,JSU
866,21/08/2022,4,9,8,9,8,LEK
867,21/08/2022,9,7,4,8,6,NAJ
868,21/08/2022,4,7,7,6,5,POW
869,21/08/2022,6,3,8,3,8,ZSF
870,22/08/2022,9,6,5,5,3,JSU
871,22/08/2022,4,5,5,3,4,LEK
872,22/08/2022,4,4,7,8,5,NAJ
873,22/08/2022,9,5,5,9,7,POW
874,22/08/2022,7,4,6,4,9,ZSF
875,23/08/2022,6,7,4,7,6,JSU
876,23/08/2022,8,10,4,9,9,LEK
877,23/08/2022,10,5,6,9,5,NAJ
878,23/08/2022,4,3,7,3,8,POW
879,23/08/2022,7,4,5,9,7,ZSF
880,24/08/2022,6,3,6,3,9,JSU
881,24/08/2022,8,6,10,5,6,LEK
882,24/08/2022,8,3,3,3,6,NAJ
883,24/08/2022,10,6,7,3,8,POW
884,24/08/2022,9,5,3,6,5,ZSF
885,25/08/2022,8,8,7,6,8,JSU
886,25/08/2022,6,9,9,7,3,LEK
887,25/08/2022,7,6,6,8,10,NAJ
888,25/08/2022,10,8,9,8,6,POW
889,25/08/2022,4,6,7,8,9,ZSF
890,26/08/2022,8,9,4,10,4,JSU
891,26/08/2022,9,3,10,9,8,LEK
892,26/08/2022,4,5,5,5,4,NAJ
893,26/08/2022,4,8,7,9,7,POW
894,26/08/2022,7,5,10,5,10,ZSF
895,27/08/2022,10,8,9,7,4,JSU
896,27/08/2022,10,6,7,3,7,LEK
897,27/08/2022,4,8,10,7,4,NAJ
898,27/08/2022,3,6,9,7,6,POW
899,27/08/2022,9,6,8,8,4,ZSF
900,28/08/2022,4,5,7,4,5,JSU
901,28/08/2022,4,4,4,6,10,LEK
902,28/08/2022,7,5,7,5,9,NAJ
903,28/08/2022,5,4,10,7,9,POW
904,28/08/2022,5,4,8,9,5,ZSF
905,29/08/2022,5,10,7,4,10,JSU
906,29/08/2022,7,4,4,6,5,LEK
907,29/08/2022,7,4,3,9,3,NAJ
908,29/08/2022,7,9,5,9,7,POW
909,29/08/2022,3,10,9,8,7,ZSF
910,30/08/2022,4,4,10,6,5,JSU
911,30/08/2022,7,7,4,4,9,LEK
912,30/08/2022,5,7,8,5,4,NAJ
913,30/08/2022,3,10,8,4,9,POW
914,30/08/2022,9,9,5,6,6,ZSF
915,31/08/2022,3,10,7,3,7,JSU
916,31/08/2022,9,4,9,10,10,LEK
917,31/08/2022,8,4,3,7,6,NAJ
918,31/08/2022,7,9,5,3,7,POW
919,31/08/2022,4,4,9,10,7,ZSF
920,01/09/2022,5,8,8,6,3,JSU
921,01/09/2022,10,6,5,6,7,LEK
922,01/09/2022,5,5,5,7,3,NAJ
923,01/09/2022,3,8,3,9,10,POW
924,01/09/2022,6,7,9,5,10,ZSF
925,02/09/2022,8,8,6,5,5,JSU
926,02/09/2022,9,10,8,5,6,LEK
927,02/09/2022,10,7,6,4,4,NAJ
928,02/09/2022,7,10,8,5,4,POW
929,02/09/2022,9,3,6,9,6,ZSF
930,03/09/2022,7,8,3,3,3,JSU
931,03/09/2022,3,9,10,3,5,LEK
932,03/09/2022,3,10,5,9,3,NAJ
933,03/09/2022,10,4,9,4,4,POW
934,03/09/2022,7,3,3,6,5,ZSF
935,04/09/2022,10,4,7,8,7,JSU
936,04/09/2022,8,3,3,4,3,LEK
937,04/09/2022,6,8,3,10,5,NAJ
938,04/09/2022,9,10,4,10,10,POW
939,04/09/2022,6,6,8,8,7,ZSF
940,05/09/2022,6,3,9,7,10,JSU
941,05/09/2022,5,9,8,9,8,LEK
942,05/09/2022,9,3,10,9,8,NAJ
943,05/09/2022,10,8,5,3,7,POW
944,05/09/2022,8,3,6,7,10,ZSF
945,06/09/2022,7,8,7,9,5,JSU
946,06/09/2022,6,3,8,10,9,LEK
947,06/09/2022,7,6,6,6,9,NAJ
948,06/09/2022,7,4,8,6,9,POW
949,06/09/2022,5,5,6,3,4,ZSF
950,07/09/2022,7,4,6,8,10,JSU
951,07/09/2022,6,3,3,8,8,LEK
952,07/09/2022,6,7,6,3,6,NAJ
953,07/09/2022,8,9,3,6,7,POW
954,07/09/2022,5,9,9,5,6,ZSF
955,08/09/2022,7,6,5,5,7,JSU
956,08/09/2022,3,6,8,3,6,LEK
957,08/09/2022,3,3,8,8,3,NAJ
958,08/09/2022,10,10,9,3,6,POW
959,08/09/2022,5,7,5,7,6,ZSF
960,09/09/2022,4,6,3,6,8,JSU
961,09/09/2022,5,6,3,4,4,LEK
962,09/09/2022,3,7,9,3,8,NAJ
963,09/09/2022,10,5,3,6,7,POW
964,09/09/2022,10,9,9,4,7,ZSF
965,10/09/2022,10,8,5,8,10,JSU
966,10/09/2022,5,7,9,6,8,LEK
967,10/09/2022,9,9,5,4,5,NAJ
968,10/09/2022,6,4,7,8,6,POW
969,10/09/2022,4,7,4,8,3,ZSF
970,11/09/2022,9,4,8,5,10,JSU
971,11/09/2022,8,9,4,9,10,LEK
972,11/09/2022,3,4,4,5,6,NAJ
973,11/09/2022,10,6,3,10,3,POW
974,11/09/2022,4,10,7,10,6,ZSF
975,12/09/2022,7,10,4,7,4,JSU
976,12/09/2022,10,4,8,6,6,LEK
977,12/09/2022,9,3,8,6,10,NAJ
978,12/09/2022,8,10,8,9,7,POW
979,12/09/2022,10,5,6,9,8,ZSF
980,13/09/2022,7,10,3,9,4,JSU
981,13/09/2022,5,9,9,4,4,LEK
982,13/09/2022,6,6,10,6,10,NAJ
983,13/09/2022,7,4,7,10,3,POW
984,13/09/2022,10,8,4,9,10,ZSF
985,14/09/2022,3,3,3,7,6,JSU
986,14/09/2022,6,4,3,7,5,LEK
987,14/09/2022,9,3,4,4,5,NAJ
988,14/09/2022,5,6,4,5,5,POW
989,14/09/2022,10,5,8,8,3,ZSF
990,15/09/2022,9,8,10,8,5,JSU
991,15/09/2022,8,8,4,4,8,LEK
992,15/09/2022,4,6,4,10,4,NAJ
993,15/09/2022,7,8,7,8,8,POW
994,15/09/2022,5,7,10,9,4,ZSF
995,16/09/2022,3,6,3,6,6,JSU
996,16/09/2022,8,8,7,7,4,LEK
997,16/09/2022,3,5,3,3,10,NAJ
998,16/09/2022,4,7,10,4,9,POW
999,16/09/2022,9,6,3,6,3,ZSF
1000,17/09/2022,10,4,8,10,10,JSU
1001,17/09/2022,6,5,3,9,9,LEK
1002,17/09/2022,8,5,9,8,5,NAJ
1003,17/09/2022,5,3,10,9,7,POW
1004,17/09/2022,8,7,3,3,7,ZSF
1005,18/09/2022,10,4,5,9,10,JSU
1006,18/09/2022,8,3,7,7,4,LEK
1007,18/09/2022,4,4,3,4,3,NAJ
1008,18/09/2022,5,6,4,4,7,POW
1009,18/09/2022,8,4,4,8,4,ZSF
1010,19/09/2022,8,8,9,8,10,JSU
1011,19/09/2022,10,10,3,5,4,LEK
1012,19/09/2022,6,3,9,3,3,NAJ
1013,19/09/2022,8,4,5,5,4,POW
1014,19/09/2022,9,10,4,6,3,ZSF
1015,20/09/2022,10,5,4,9,3,JSU
1016,20/09/2022,10,10,3,9,9,LEK
1017,20/09/2022,8,10,10,10,3,NAJ
1018,20/09/2022,6,7,4,8,9,POW
1019,20/09/2022,6,4,5,7,7,ZSF
1020,21/09/2022,7,10,5,10,5,JSU
1021,21/09/2022,7,8,3,9,4,LEK
1022,21/09/2022,10,8,3,3,7,NAJ
1023,21/09/2022,10,10,6,10,6,POW
1024,21/09/2022,8,9,10,8,5,ZSF
1025,22/09/2022,7,3,7,3,4,JSU
1026,22/09/2022,4,8,6,4,6,LEK
1027,22/09/2022,9,4,6,7,4,NAJ
1028,22/09/2022,3,10,7,5,7,POW
1029,22/09/2022,7,6,8,10,9,ZSF
1030,23/09/2022,9,9,10,10,9,JSU
1031,23/09/2022,9,7,5,5,7,LEK
1032,23/09/2022,4,5,7,7,10,NAJ
1033,23/09/2022,8,10,6,9,3,POW
1034,23/09/2022,5,4,8,4,5,ZSF
1035,24/09/2022,4,3,7,5,5,JSU
1036,24/09/2022,10,5,5,3,10,LEK
1037,24/09/2022,6,4,8,7,10,NAJ
1038,24/09/2022,5,9,6,3,7,POW
1039,24/09/2022,6,8,6,10,4,ZSF
1040,25/09/2022,9,9,10,7,7,JSU
1041,25/09/2022,6,3,8,7,8,LEK
1042,25/09/2022,10,6,4,7,5,NAJ
1043,25/09/2022,5,9,7,4,7,POW
1044,25/09/2022,5,8,5,7,6,ZSF
1045,26/09/2022,8,5,3,6,4,JSU
1046,26/09/2022,10,10,7,4,8,LEK
1047,26/09/2022,8,10,3,5,5,NAJ
1048,26/09/2022,8,7,8,7,9,POW
1049,26/09/2022,4,6,8,6,8,ZSF
1050,27/09/2022,3,9,9,4,3,JSU
1051,27/09/2022,10,4,10,10,6,LEK
1052,27/09/2022,9,5,10,9,6,NAJ
1053,27/09/2022,3,8,4,8,3,POW
1054,27/09/2022,6,4,8,8,9,ZSF
1055,28/09/2022,8,3,10,8,10,JSU
1056,28/09/2022,10,5,9,8,8,LEK
1057,28/09/2022,4,7,7,4,9,NAJ
1058,28/09/2022,7,9,3,6,9,POW
1059,28/09/2022,3,6,6,8,6,ZSF
1060,29/09/2022,6,10,6,10,4,JSU
1061,29/09/2022,6,9,3,5,9,LEK
1062,29/09/2022,3,3,7,7,6,NAJ
1063,29/09/2022,3,3,5,6,9,POW
1064,29/09/2022,7,10,4,7,5,ZSF
1065,30/09/2022,9,3,6,4,6,JSU
1066,30/09/2022,10,6,5,5,3,LEK
1067,30/09/2022,7,8,6,5,7,NAJ
1068,30/09/2022,5,5,4,8,8,POW
1069,30/09/2022,8,3,9,5,6,ZSF
1070,01/10/2022,10,4,8,3,9,JSU
1071,01/10/2022,5,9,4,3,5,LEK
1072,01/10/2022,9,8,4,3,10,NAJ
1073,01/10/2022,9,10,10,5,3,POW
1074,01/10/2022,9,9,4,9,4,ZSF
1075,02/10/2022,6,3,5,8,3,JSU
1076,02/10/2022,5,9,3,9,9,LEK
1077,02/10/2022,4,9,5,3,9,NAJ
1078,02/10/2022,3,6,10,8,7,POW
1079,02/10/2022,5,6,6,9,5,ZSF
1080,03/10/2022,3,7,3,3,8,JSU
1081,03/10/2022,7,5,4,6,8,LEK
1082,03/10/2022,10,6,8,4,10,NAJ
1083,03/10/2022,10,4,4,4,6,POW
1084,03/10/2022,6,9,5,7,3,ZSF
1085,04/10/2022,7,8,9,9,8,JSU
1086,04/10/2022,10,8,10,8,4,LEK
1087,04/10/2022,8,10,10,8,5,NAJ
1088,04/10/2022,10,5,6,4,8,POW
1089,04/10/2022,7,7,10,3,6,ZSF
1090,05/10/2022,6,4,5,9,10,JSU
1091,05/10/2022,5,4,4,7,6,LEK
1092,05/10/2022,4,4,6,10,3,NAJ
1093,05/10/2022,10,3,4,3,3,POW
1094,05/10/2022,7,10,5,6,9,ZSF
1095,06/10/2022,5,4,10,4,7,JSU
1096,06/10/2022,7,5,8,10,3,LEK
1097,06/10/2022,8,10,8,7,10,NAJ
1098,06/10/2022,8,8,10,4,6,POW
1099,06/10/2022,8,9,5,5,10,ZSF
1100,07/10/2022,7,10,8,10,8,JSU
1101,07/10/2022,4,9,7,7,4,LEK
1102,07/10/2022,8,6,7,5,10,NAJ
1103,07/10/2022,9,7,7,4,5,POW
1104,07/10/2022,5,10,7,6,7,ZSF
1105,08/10/2022,8,10,7,5,8,JSU
1106,08/10/2022,6,8,3,9,3,LEK
1107,08/10/2022,6,9,9,9,9,NAJ
1108,08/10/2022,8,4,8,9,6,POW
1109,08/10/2022,9,4,10,6,4,ZSF
1110,09/10/2022,8,3,3,10,7,JSU
1111,09/10/2022,9,4,3,8,3,LEK
1112,09/10/2022,9,3,8,4,9,NAJ
1113,09/10/2022,8,4,3,10,3,POW
1114,09/10/2022,5,10,5,5,8,ZSF
1115,10/10/2022,4,10,10,7,4,JSU
1116,10/10/2022,8,8,8,8,10,LEK
1117,10/10/2022,8,7,5,4,4,NAJ
1118,10/10/2022,9,7,10,7,8,POW
1119,10/10/2022,6,5,3,6,9,ZSF
1120,11/10/2022,4,6,9,4,5,JSU
1121,11/10/2022,5,9,4,3,9,LEK
1122,11/10/2022,7,4,3,10,6,NAJ
1123,11/10/2022,8,7,3,4,4,POW
1124,11/10/2022,6,7,6,3,5,ZSF
1125,12/10/2022,8,3,6,6,4,JSU
1126,12/10/2022,3,8,4,4,10,LEK
1127,12/10/2022,3,7,4,9,6,NAJ
1128,12/10/2022,9,7,6,4,6,POW
1129,12/10/2022,6,10,6,6,9,ZSF
1130,13/10/2022,3,10,3,4,5,JSU
1131,13/10/2022,6,8,4,7,9,LEK
1132,13/10/2022,3,10,10,6,10,NAJ
1133,13/10/2022,4,5,9,9,6,POW
1134,13/10/2022,5,10,10,10,4,ZSF
1135,14/10/2022,7,7,6,7,10,JSU
1136,14/10/2022,5,9,9,6,10,LEK
1137,14/10/2022,4,6,3,7,10,NAJ
1138,14/10/2022,7,4,7,7,8,POW
1139,14/10/2022,10,6,5,4,5,ZSF
1140,15/10/2022,4,6,10,3,4,JSU
1141,15/10/2022,7,4,4,4,3,LEK
1142,15/10/2022,4,7,3,10,3,NAJ
1143,15/10/2022,9,5,4,10,5,POW
1144,15/10/2022,3,5,4,8,5,ZSF
1145,16/10/2022,3,9,9,8,9,JSU
1146,16/10/2022,8,4,4,9,8,LEK
1147,16/10/2022,3,3,10,4,6,NAJ
1148,16/10/2022,5,9,4,8,9,POW
1149,16/10/2022,6,6,5,6,9,ZSF
1150,17/10/2022,7,7,8,8,9,JSU
1151,17/10/2022,5,5,5,7,5,LEK
1152,17/10/2022,4,7,7,9,4,NAJ
1153,17/10/2022,7,8,5,7,10,POW
1154,17/10/2022,7,3,4,3,5,ZSF
1155,18/10/2022,7,7,6,8,8,JSU
1156,18/10/2022,4,4,10,8,4,LEK
1157,18/10/2022,8,5,9,4,5,NAJ
1158,18/10/2022,4,4,7,8,3,POW
1159,18/10/2022,6,10,8,8,9,ZSF
1160,19/10/2022,8,9,8,5,6,JSU
1161,19/10/2022,5,10,4,5,5,LEK
1162,19/10/2022,4,4,5,9,6,NAJ
1163,19/10/2022,8,5,6,10,6,POW
1164,19/10/2022,7,5,10,3,7,ZSF
1165,20/10/2022,5,3,10,8,7,JSU
1166,20/10/2022,5,7,5,9,3,LEK
1167,20/10/2022,5,5,10,4,9,NAJ
1168,20/10/2022,7,4,8,3,4,POW
1169,20/10/2022,3,4,9,10,7,ZSF
1170,21/10/2022,3,6,3,5,3,JSU
1171,21/10/2022,6,5,7,8,4,LEK
1172,21/10/2022,8,10,8,6,3,NAJ
1173,21/10/2022,5,10,7,5,10,POW
1174,21/10/2022,10,9,3,6,8,ZSF
1175,22/10/2022,10,6,10,9,6,JSU
1176,22/10/2022,4,3,6,10,8,LEK
1177,22/10/2022,5,8,5,5,3,NAJ
1178,22/10/2022,5,5,8,4,10,POW
1179,22/10/2022,8,4,7,8,10,ZSF
1180,23/10/2022,7,4,9,7,10,JSU
1181,23/10/2022,3,5,9,8,7,LEK
1182,23/10/2022,8,5,5,9,4,NAJ
1183,23/10/2022,9,5,6,6,4,POW
1184,23/10/2022,8,3,8,5,10,ZSF
1185,24/10/2022,6,3,10,5,3,JSU
1186,24/10/2022,8,8,4,8,8,LEK
1187,24/10/2022,6,6,8,9,8,NAJ
1188,24/10/2022,7,7,5,4,10,POW
1189,24/10/2022,8,6,7,10,6,ZSF
1190,25/10/2022,8,4,4,6,9,JSU
1191,25/10/2022,9,5,5,3,5,LEK
1192,25/10/2022,7,7,10,8,5,NAJ
1193,25/10/2022,7,9,5,6,10,POW
1194,25/10/2022,9,5,9,3,5,ZSF
1195,26/10/2022,8,5,9,3,6,JSU
1196,26/10/2022,10,8,5,8,6,LEK
1197,26/10/2022,5,4,9,9,3,NAJ
1198,26/10/2022,7,6,5,10,3,POW
1199,26/10/2022,7,8,5,9,8,ZSF
1200,27/10/2022,9,3,3,6,6,JSU
1201,27/10/2022,7,9,4,8,9,LEK
1202,27/10/2022,3,6,6,5,6,NAJ
1203,27/10/2022,5,3,10,6,7,POW
1204,27/10/2022,3,3,7,4,7,ZSF
1205,28/10/2022,5,9,8,4,4,JSU
1206,28/10/2022,6,8,3,6,7,LEK
1207,28/10/2022,5,4,5,10,10,NAJ
1208,28/10/2022,7,5,3,5,3,POW
1209,28/10/2022,4,10,9,9,10,ZSF
1210,29/10/2022,6,10,7,10,5,JSU
1211,29/10/2022,3,10,4,3,10,LEK
1212,29/10/2022,8,10,4,5,5,NAJ
1213,29/10/2022,5,5,10,4,7,POW
1214,29/10/2022,3,5,3,7,6,ZSF
1215,30/10/2022,6,5,7,6,7,JSU
1216,30/10/2022,9,3,7,9,10,LEK
1217,30/10/2022,3,6,10,4,6,NAJ
1218,30/10/2022,7,7,5,4,3,POW
1219,30/10/2022,6,4,5,7,6,ZSF
1220,31/10/2022,4,8,5,8,8,JSU
1221,31/10/2022,6,3,4,5,7,LEK
1222,31/10/2022,7,5,5,4,9,NAJ
1223,31/10/2022,3,10,4,3,9,POW
1224,31/10/2022,4,3,6,8,7,ZSF
1225,01/11/2022,9,10,7,5,9,JSU
1226,01/11/2022,9,3,4,8,3,LEK
1227,01/11/2022,7,9,10,3,4,NAJ
1228,01/11/2022,4,7,8,3,8,POW
1229,01/11/2022,10,9,3,7,3,ZSF
1230,02/11/2022,10,7,8,10,10,JSU
1231,02/11/2022,4,9,8,9,10,LEK
1232,02/11/2022,8,10,4,6,4,NAJ
1233,02/11/2022,7,10,3,6,4,POW
1234,02/11/2022,6,5,10,10,4,ZSF
1235,03/11/2022,10,3,9,7,9,JSU
1236,03/11/2022,4,7,8,7,5,LEK
1237,03/11/2022,5,8,7,7,6,NAJ
1238,03/11/2022,6,3,9,6,5,POW
1239,03/11/2022,10,8,9,8,10,ZSF
1240,04/11/2022,9,9,4,5,5,JSU
1241,04/11/2022,8,3,7,5,7,LEK
1242,04/11/2022,7,10,3,10,10,NAJ
1243,04/11/2022,6,4,8,9,9,POW
1244,04/11/2022,8,8,4,7,6,ZSF
1245,05/11/2022,7,6,5,10,7,JSU
1246,05/11/2022,10,9,7,10,7,LEK
1247,05/11/2022,10,7,3,6,8,NAJ
1248,05/11/2022,6,3,3,7,4,POW
1249,05/11/2022,10,10,6,10,5,ZSF
1250,06/11/2022,8,4,7,10,5,JSU
1251,06/11/2022,6,4,3,4,9,LEK
1252,06/11/2022,5,7,5,8,6,NAJ
1253,06/11/2022,7,5,9,8,9,POW
1254,06/11/2022,3,6,8,5,4,ZSF
1255,07/11/2022,6,5,4,7,4,JSU
1256,07/11/2022,10,4,6,7,3,LEK
1257,07/11/2022,10,6,9,6,6,NAJ
1258,07/11/2022,10,8,8,4,5,POW
1259,07/11/2022,4,9,4,5,7,ZSF
1260,08/11/2022,4,9,5,6,3,JSU
1261,08/11/2022,7,9,9,10,4,LEK
1262,08/11/2022,8,7,9,10,4,NAJ
1263,08/11/2022,8,9,9,3,10,POW
1264,08/11/2022,3,9,3,8,6,ZSF
1265,09/11/2022,3,8,3,3,3,JSU
1266,09/11/2022,6,8,9,10,3,LEK
1267,09/11/2022,3,8,9,4,4,NAJ
1268,09/11/2022,5,4,8,8,5,POW
1269,09/11/2022,7,5,8,7,7,ZSF
1270,10/11/2022,7,6,8,4,9,JSU
1271,10/11/2022,4,3,3,6,7,LEK
1272,10/11/2022,7,10,4,8,5,NAJ
1273,10/11/2022,8,3,9,9,9,POW
1274,10/11/2022,3,3,6,4,8,ZSF
1275,11/11/2022,6,8,7,7,5,JSU
1276,11/11/2022,8,6,10,3,8,LEK
1277,11/11/2022,5,5,9,8,5,NAJ
1278,11/11/2022,5,6,3,5,8,POW
1279,11/11/2022,8,6,5,10,3,ZSF
1280,12/11/2022,4,5,9,3,7,JSU
1281,12/11/2022,10,9,10,10,8,LEK
1282,12/11/2022,10,9,7,6,8,NAJ
1283,12/11/2022,7,4,9,6,6,POW
1284,12/11/2022,8,4,3,8,3,ZSF
1285,13/11/2022,9,4,7,10,10,JSU
1286,13/11/2022,3,5,5,4,8,LEK
1287,13/11/2022,3,7,7,6,6,NAJ
1288,13/11/2022,6,6,9,10,7,POW
1289,13/11/2022,6,8,8,3,9,ZSF
1290,14/11/2022,5,8,9,9,5,JSU
1291,14/11/2022,3,4,7,10,6,LEK
1292,14/11/2022,9,3,4,5,10,NAJ
1293,14/11/2022,9,3,5,8,8,POW
1294,14/11/2022,7,7,7,4,9,ZSF
1295,15/11/2022,4,10,3,7,10,JSU
1296,15/11/2022,5,4,3,3,7,LEK
1297,15/11/2022,7,6,5,10,3,NAJ
1298,15/11/2022,8,6,3,4,6,POW
1299,15/11/2022,9,9,10,6,5,ZSF
1300,16/11/2022,3,10,3,10,5,JSU
1301,16/11/2022,9,10,4,10,5,LEK
1302,16/11/2022,9,5,5,5,9,NAJ
1303,16/11/2022,7,10,7,3,8,POW
1304,16/11/2022,3,9,7,5,7,ZSF
1305,17/11/2022,3,4,8,6,7,JSU
1306,17/11/2022,9,8,10,9,8,LEK
1307,17/11/2022,6,3,7,5,5,NAJ
1308,17/11/2022,9,5,4,6,3,POW
1309,17/11/2022,3,10,8,7,10,ZSF
1310,18/11/2022,9,3,8,5,9,JSU
1311,18/11/2022,7,4,10,7,3,LEK
1312,18/11/2022,6,3,6,4,9,NAJ
1313,18/11/2022,5,8,6,4,4,POW
1314,18/11/2022,10,10,4,4,4,ZSF
1315,19/11/2022,10,10,6,7,4,JSU
1316,19/11/2022,9,8,7,4,6,LEK
1317,19/11/2022,7,10,10,3,7,NAJ
1318,19/11/2022,7,10,4,6,5,POW
1319,19/11/2022,4,4,8,4,9,ZSF
1320,20/11/2022,9,6,3,5,10,JSU
1321,20/11/2022,6,10,9,6,3,LEK
1322,20/11/2022,8,8,3,7,10,NAJ
1323,20/11/2022,10,7,10,7,4,POW
1324,20/11/2022,9,9,5,10,3,ZSF
1325,21/11/2022,8,7,3,8,7,JSU
1326,21/11/2022,5,10,3,3,6,LEK
1327,21/11/2022,10,5,9,3,10,NAJ
1328,21/11/2022,7,8,10,6,6,POW
1329,21/11/2022,7,4,5,8,8,ZSF
1330,22/11/2022,6,7,9,4,10,JSU
1331,22/11/2022,9,10,8,10,8,LEK
1332,22/11/2022,10,5,10,8,10,NAJ
1333,22/11/2022,6,9,7,4,3,POW
1334,22/11/2022,7,4,5,10,7,ZSF
1335,23/11/2022,10,9,7,4,4,JSU
1336,23/11/2022,7,5,5,9,9,LEK
1337,23/11/2022,10,10,6,8,6,NAJ
1338,23/11/2022,5,9,5,4,10,POW
1339,23/11/2022,8,5,8,4,5,ZSF
1340,24/11/2022,8,3,10,8,4,JSU
1341,24/11/2022,5,5,5,6,10,LEK
1342,24/11/2022,9,9,5,4,5,NAJ
1343,24/11/2022,3,10,7,7,7,POW
1344,24/11/2022,8,6,10,3,10,ZSF
1345,25/11/2022,8,8,8,3,10,JSU
1346,25/11/2022,7,8,5,5,4,LEK
1347,25/11/2022,8,8,5,3,4,NAJ
1348,25/11/2022,5,6,10,4,8,POW
1349,25/11/2022,5,4,8,4,4,ZSF
1350,26/11/2022,9,7,5,3,4,JSU
1351,26/11/2022,3,5,10,6,10,LEK
1352,26/11/2022,10,5,9,7,4,NAJ
1353,26/11/2022,8,10,3,5,4,POW
1354,26/11/2022,5,5,7,8,8,ZSF
1355,27/11/2022,7,7,7,4,10,JSU
1356,27/11/2022,9,7,3,4,6,LEK
1357,27/11/2022,7,4,5,3,6,NAJ
1358,27/11/2022,7,3,6,6,6,POW
1359,27/11/2022,3,3,3,7,7,ZSF
1360,28/11/2022,4,4,3,4,6,JSU
1361,28/11/2022,4,8,7,10,5,LEK
1362,28/11/2022,9,10,3,8,10,NAJ
1363,28/11/2022,4,9,6,4,5,POW
1364,28/11/2022,8,8,3,4,9,ZSF
1365,29/11/2022,10,8,5,9,6,JSU
1366,29/11/2022,3,3,7,6,8,LEK
1367,29/11/2022,4,5,8,4,6,NAJ
1368,29/11/2022,7,6,5,4,4,POW
1369,29/11/2022,8,5,7,6,8,ZSF
1370,30/11/2022,3,6,10,9,8,JSU
1371,30/11/2022,5,3,6,3,3,LEK
1372,30/11/2022,7,8,9,4,9,NAJ
1373,30/11/2022,8,8,3,5,6,POW
1374,30/11/2022,9,4,10,4,5,ZSF
1375,01/12/2022,9,4,4,8,6,JSU
1376,01/12/2022,7,5,6,10,3,LEK
1377,01/12/2022,4,9,8,10,5,NAJ
1378,01/12/2022,7,9,6,9,4,POW
1379,01/12/2022,9,10,9,8,3,ZSF
1380,02/12/2022,8,5,5,3,8,JSU
1381,02/12/2022,9,9,7,4,7,LEK
1382,02/12/2022,9,10,5,8,10,NAJ
1383,02/12/2022,9,5,8,6,4,POW
1384,02/12/2022,4,6,7,5,6,ZSF
1385,03/12/2022,5,10,3,4,10,JSU
1386,03/12/2022,5,6,7,10,9,LEK
1387,03/12/2022,6,4,8,4,8,NAJ
1388,03/12/2022,10,8,9,7,4,POW
1389,03/12/2022,9,9,6,5,7,ZSF
1390,04/12/2022,4,3,6,5,5,JSU
1391,04/12/2022,3,9,7,6,8,LEK
1392,04/12/2022,8,8,3,8,9,NAJ
1393,04/12/2022,5,9,3,9,5,POW
1394,04/12/2022,9,8,7,5,6,ZSF
1395,05/12/2022,9,5,6,9,6,JSU
1396,05/12/2022,4,3,7,4,6,LEK
1397,05/12/2022,3,6,6,8,5,NAJ
1398,05/12/2022,9,5,5,4,8,POW
1399,05/12/2022,8,10,10,8,7,ZSF
1400,06/12/2022,9,8,8,7,5,JSU
1401,06/12/2022,7,3,8,7,9,LEK
1402,06/12/2022,4,10,5,4,7,NAJ
1403,06/12/2022,5,6,10,8,3,POW
1404,06/12/2022,9,5,8,10,8,ZSF
1405,07/12/2022,9,7,10,3,8,JSU
1406,07/12/2022,3,9,3,7,5,LEK
1407,07/12/2022,3,6,9,6,9,NAJ
1408,07/12/2022,9,9,4,8,9,POW
1409,07/12/2022,6,7,8,9,3,ZSF
1410,08/12/2022,5,3,3,7,7,JSU
1411,08/12/2022,6,7,4,8,3,LEK
1412,08/12/2022,8,8,7,6,4,NAJ
1413,08/12/2022,10,7,3,6,6,POW
1414,08/12/2022,9,8,5,7,4,ZSF
1415,09/12/2022,8,9,4,3,8,JSU
1416,09/12/2022,10,3,4,9,9,LEK
1417,09/12/2022,4,6,6,4,7,NAJ
1418,09/12/2022,7,4,3,8,10,POW
1419,09/12/2022,8,9,9,10,10,ZSF
1420,10/12/2022,8,9,9,10,10,JSU
1421,10/12/2022,4,5,8,7,7,LEK
1422,10/12/2022,8,5,6,7,10,NAJ
1423,10/12/2022,3,9,3,5,5,POW
1424,10/12/2022,6,6,8,6,9,ZSF
1425,11/12/2022,4,5,9,4,7,JSU
1426,11/12/2022,3,10,3,6,10,LEK
1427,11/12/2022,4,7,10,3,4,NAJ
1428,11/12/2022,9,9,8,7,10,POW
1429,11/12/2022,7,7,6,6,8,ZSF
1430,12/12/2022,4,9,9,9,8,JSU
1431,12/12/2022,3,9,9,4,5,LEK
1432,12/12/2022,5,6,7,7,3,NAJ
1433,12/12/2022,9,8,3,5,9,POW
1434,12/12/2022,3,7,7,6,7,ZSF
1435,13/12/2022,8,10,4,9,6,JSU
1436,13/12/2022,5,3,4,9,10,LEK
1437,13/12/2022,7,5,8,7,10,NAJ
1438,13/12/2022,5,8,5,8,9,POW
1439,13/12/2022,8,9,9,9,10,ZSF
1440,14/12/2022,10,5,8,9,5,JSU
1441,14/12/2022,8,7,7,8,10,LEK
1442,14/12/2022,6,10,10,4,3,NAJ
1443,14/12/2022,8,9,4,8,8,POW
1444,14/12/2022,4,4,6,9,6,ZSF
1445,15/12/2022,10,6,10,3,6,JSU
1446,15/12/2022,4,4,7,7,9,LEK
1447,15/12/2022,4,3,9,5,5,NAJ
1448,15/12/2022,3,3,6,10,9,POW
1449,15/12/2022,10,9,7,3,6,ZSF
1450,16/12/2022,4,3,5,5,6,JSU
1451,16/12/2022,7,4,9,7,3,LEK
1452,16/12/2022,3,3,8,10,8,NAJ
1453,16/12/2022,5,5,7,5,6,POW
1454,16/12/2022,6,9,9,8,6,ZSF
1455,17/12/2022,4,6,8,3,6,JSU
1456,17/12/2022,10,5,4,10,9,LEK
1457,17/12/2022,4,7,3,7,8,NAJ
1458,17/12/2022,4,10,6,4,10,POW
1459,17/12/2022,10,4,8,10,9,ZSF
1460,18/12/2022,7,3,6,5,7,JSU
1461,18/12/2022,8,3,4,3,7,LEK
1462,18/12/2022,4,9,9,4,10,NAJ
1463,18/12/2022,3,8,5,8,9,POW
1464,18/12/2022,5,9,5,8,5,ZSF
1465,19/12/2022,7,5,3,3,9,JSU
1466,19/12/2022,5,4,4,8,10,LEK
1467,19/12/2022,6,10,10,9,9,NAJ
1468,19/12/2022,7,3,10,5,8,POW
1469,19/12/2022,5,10,3,6,5,ZSF
1470,20/12/2022,10,9,4,8,6,JSU
1471,20/12/2022,7,4,8,6,6,LEK
1472,20/12/2022,6,10,6,3,8,NAJ
1473,20/12/2022,9,7,8,10,6,POW
1474,20/12/2022,4,7,7,10,4,ZSF
1475,21/12/2022,4,3,5,7,9,JSU
1476,21/12/2022,6,3,3,5,8,LEK
1477,21/12/2022,10,7,3,7,5,NAJ
1478,21/12/2022,6,5,7,7,9,POW
1479,21/12/2022,5,7,9,5,6,ZSF
1480,22/12/2022,9,5,4,7,7,JSU
1481,22/12/2022,6,8,3,9,10,LEK
1482,22/12/2022,5,4,3,8,4,NAJ
1483,22/12/2022,4,5,6,5,10,POW
1484,22/12/2022,6,6,7,4,8,ZSF
1485,23/12/2022,10,8,4,7,9,JSU
1486,23/12/2022,10,6,8,6,8,LEK
1487,23/12/2022,4,8,8,10,5,NAJ
1488,23/12/2022,9,8,7,7,6,POW
1489,23/12/2022,10,8,7,4,9,ZSF
1490,24/12/2022,7,5,4,6,7,JSU
1491,24/12/2022,6,5,10,7,7,LEK
1492,24/12/2022,7,8,5,10,5,NAJ
1493,24/12/2022,6,10,5,4,9,POW
1494,24/12/2022,6,10,8,10,4,ZSF
1495,25/12/2022,3,5,9,4,5,JSU
1496,25/12/2022,9,4,3,3,9,LEK
1497,25/12/2022,3,5,4,9,6,NAJ
1498,25/12/2022,3,3,5,6,7,POW
1499,25/12/2022,7,6,3,9,8,ZSF
1500,26/12/2022,4,3,7,9,6,JSU
1501,26/12/2022,9,10,3,9,7,LEK
1502,26/12/2022,4,3,10,9,7,NAJ
1503,26/12/2022,3,6,4,10,3,POW
1504,26/12/2022,5,10,8,5,8,ZSF
1505,27/12/2022,10,4,10,5,5,JSU
1506,27/12/2022,8,5,5,7,3,LEK
1507,27/12/2022,6,5,6,4,5,NAJ
1508,27/12/2022,8,8,10,9,5,POW
1509,27/12/2022,7,10,10,8,3,ZSF
1510,28/12/2022,8,5,3,5,5,JSU
1511,28/12/2022,9,4,3,5,8,LEK
1512,28/12/2022,6,6,4,4,5,NAJ
1513,28/12/2022,8,7,8,10,4,POW
1514,28/12/2022,6,6,6,3,4,ZSF
1515,29/12/2022,7,6,5,9,4,JSU
1516,29/12/2022,8,5,6,4,4,LEK
1517,29/12/2022,9,4,10,6,5,NAJ
1518,29/12/2022,5,4,6,10,3,POW
1519,29/12/2022,5,7,3,9,3,ZSF
1520,30/12/2022,4,3,5,5,9,JSU
1521,30/12/2022,10,7,3,9,9,LEK
1522,30/12/2022,3,5,10,5,6,NAJ
1523,30/12/2022,4,8,6,6,6,POW
1524,30/12/2022,8,6,6,7,3,ZSF
1525,31/12/2022,7,5,7,8,8,JSU
1526,31/12/2022,7,7,3,8,3,LEK
1527,31/12/2022,4,3,9,6,6,NAJ
1528,31/12/2022,5,3,3,8,4,POW
1529,31/12/2022,4,4,5,7,3,ZSF
1530,01/01/2023,3,9,7,10,9,JSU
1531,01/01/2023,5,4,4,4,8,LEK
1532,01/01/2023,6,10,6,7,5,NAJ
1533,01/01/2023,5,5,7,7,7,POW
1534,01/01/2023,8,9,4,4,5,ZSF
1535,02/01/2023,5,3,7,10,4,JSU
1536,02/01/2023,4,4,9,3,8,LEK
1537,02/01/2023,4,9,4,7,5,NAJ
1538,02/01/2023,9,5,10,4,3,POW
1539,02/01/2023,9,6,5,4,5,ZSF
1540,03/01/2023,9,4,6,8,6,JSU
1541,03/01/2023,8,9,3,3,8,LEK
1542,03/01/2023,10,7,7,5,7,NAJ
1543,03/01/2023,10,3,6,7,4,POW
1544,03/01/2023,7,8,6,10,7,ZSF
1545,04/01/2023,7,7,5,3,4,JSU
1546,04/01/2023,9,9,3,5,5,LEK
1547,04/01/2023,4,3,9,8,10,NAJ
1548,04/01/2023,6,10,5,10,5,POW
1549,04/01/2023,7,7,10,3,7,ZSF
1550,05/01/2023,6,4,10,4,10,JSU
1551,05/01/2023,10,4,4,8,4,LEK
1552,05/01/2023,10,5,3,3,9,NAJ
1553,05/01/2023,8,6,10,4,3,POW
1554,05/01/2023,6,5,7,3,6,ZSF
1555,06/01/2023,10,6,4,5,10,JSU
1556,06/01/2023,6,9,10,5,5,LEK
1557,06/01/2023,7,5,7,10,8,NAJ
1558,06/01/2023,3,5,10,4,7,POW
1559,06/01/2023,5,6,6,4,7,ZSF
1560,07/01/2023,4,9,8,5,3,JSU
1561,07/01/2023,8,9,9,6,3,LEK
1562,07/01/2023,3,10,10,6,3,NAJ
1563,07/01/2023,4,7,5,4,5,POW
1564,07/01/2023,8,3,5,7,3,ZSF
1565,08/01/2023,9,9,10,5,5,JSU
1566,08/01/2023,3,4,8,7,7,LEK
1567,08/01/2023,9,7,4,9,9,NAJ
1568,08/01/2023,6,4,6,3,7,POW
1569,08/01/2023,6,8,9,5,10,ZSF
1570,09/01/2023,9,5,6,3,5,JSU
1571,09/01/2023,8,6,3,4,8,LEK
1572,09/01/2023,10,4,9,4,7,NAJ
1573,09/01/2023,5,9,6,8,10,POW
1574,09/01/2023,4,7,8,9,9,ZSF
1575,10/01/2023,4,8,7,9,7,JSU
1576,10/01/2023,8,10,10,8,7,LEK
1577,10/01/2023,8,3,8,3,4,NAJ
1578,10/01/2023,4,4,6,6,3,POW
1579,10/01/2023,9,9,7,4,3,ZSF
1580,11/01/2023,8,4,9,3,4,JSU
1581,11/01/2023,9,6,9,10,5,LEK
1582,11/01/2023,7,5,7,4,3,NAJ
1583,11/01/2023,9,10,5,8,5,POW
1584,11/01/2023,9,10,4,4,9,ZSF
1585,12/01/2023,10,7,3,5,3,JSU
1586,12/01/2023,8,8,10,4,7,LEK
1587,12/01/2023,10,7,7,5,9,NAJ
1588,12/01/2023,3,4,10,10,3,POW
1589,12/01/2023,4,3,6,10,3,ZSF
1590,13/01/2023,8,7,6,3,4,JSU
1591,13/01/2023,8,6,5,5,8,LEK
1592,13/01/2023,10,7,8,3,5,NAJ
1593,13/01/2023,7,9,9,10,3,POW
1594,13/01/2023,4,8,5,10,4,ZSF
1595,14/01/2023,4,10,7,4,6,JSU
1596,14/01/2023,6,8,3,7,7,LEK
1597,14/01/2023,9,10,8,5,9,NAJ
1598,14/01/2023,10,7,10,6,10,POW
1599,14/01/2023,3,3,8,4,4,ZSF
1600,15/01/2023,9,8,6,8,6,JSU
1601,15/01/2023,4,10,10,10,7,LEK
1602,15/01/2023,3,4,10,4,9,NAJ
1603,15/01/2023,8,7,3,7,10,POW
1604,15/01/2023,7,6,8,9,7,ZSF
1605,16/01/2023,3,3,8,3,7,JSU
1606,16/01/2023,5,6,9,8,6,LEK
1607,16/01/2023,8,3,8,3,5,NAJ
1608,16/01/2023,4,10,7,9,4,POW
1609,16/01/2023,10,10,9,3,7,ZSF
1610,17/01/2023,6,5,8,9,3,JSU
1611,17/01/2023,3,7,5,3,10,LEK
1612,17/01/2023,6,3,6,6,8,NAJ
1613,17/01/2023,10,8,4,6,3,POW
1614,17/01/2023,9,5,8,6,3,ZSF
1615,18/01/2023,8,5,3,7,8,JSU
1616,18/01/2023,9,7,5,5,4,LEK
1617,18/01/2023,9,8,8,9,3,NAJ
1618,18/01/2023,4,5,9,4,7,POW
1619,18/01/2023,8,10,5,8,7,ZSF
1620,19/01/2023,10,10,6,3,5,JSU
1621,19/01/2023,4,7,4,10,10,LEK
1622,19/01/2023,10,7,3,4,7,NAJ
1623,19/01/2023,9,3,5,8,10,POW
1624,19/01/2023,7,9,10,5,10,ZSF
1625,20/01/2023,7,5,9,6,3,JSU
1626,20/01/2023,4,3,9,7,8,LEK
1627,20/01/2023,6,6,8,5,8,NAJ
1628,20/01/2023,7,9,6,9,10,POW
1629,20/01/2023,6,8,3,7,4,ZSF
1630,21/01/2023,8,4,8,7,7,JSU
1631,21/01/2023,3,7,9,7,4,LEK
1632,21/01/2023,4,4,6,5,7,NAJ
1633,21/01/2023,10,6,4,6,10,POW
1634,21/01/2023,6,7,7,3,7,ZSF
1635,22/01/2023,10,4,9,3,4,JSU
1636,22/01/2023,4,5,6,9,6,LEK
1637,22/01/2023,8,6,3,4,8,NAJ
1638,22/01/2023,6,4,3,3,5,POW
1639,22/01/2023,4,5,3,4,9,ZSF
1640,23/01/2023,4,6,9,9,5,JSU
1641,23/01/2023,8,8,9,7,4,LEK
1642,23/01/2023,10,10,7,10,6,NAJ
1643,23/01/2023,5,4,9,10,10,POW
1644,23/01/2023,9,4,4,9,6,ZSF
1645,24/01/2023,5,10,4,8,6,JSU
1646,24/01/2023,4,6,5,10,8,LEK
1647,24/01/2023,5,4,6,7,8,NAJ
1648,24/01/2023,9,10,10,4,9,POW
1649,24/01/2023,8,4,7,8,7,ZSF
1650,25/01/2023,5,10,3,9,7,JSU
1651,25/01/2023,4,3,6,9,3,LEK
1652,25/01/2023,9,3,8,10,9,NAJ
1653,25/01/2023,3,7,4,5,10,POW
1654,25/01/2023,9,10,4,10,3,ZSF
1655,26/01/2023,6,3,8,3,8,JSU
1656,26/01/2023,4,8,4,3,8,LEK
1657,26/01/2023,6,10,4,8,9,NAJ
1658,26/01/2023,10,7,4,8,8,POW
1659,26/01/2023,9,8,3,4,7,ZSF
1660,27/01/2023,7,3,7,4,3,JSU
1661,27/01/2023,8,7,6,7,7,LEK
1662,27/01/2023,10,9,9,8,4,NAJ
1663,27/01/2023,9,4,7,9,8,POW
1664,27/01/2023,10,10,6,5,8,ZSF
1665,28/01/2023,9,6,6,7,8,JSU
1666,28/01/2023,3,3,5,10,3,LEK
1667,28/01/2023,10,9,10,5,4,NAJ
1668,28/01/2023,10,10,6,9,6,POW
1669,28/01/2023,10,8,3,7,6,ZSF
1670,29/01/2023,3,5,6,3,3,JSU
1671,29/01/2023,8,5,8,8,7,LEK
1672,29/01/2023,3,8,3,5,10,NAJ
1673,29/01/2023,6,10,5,5,6,POW
1674,29/01/2023,4,8,5,10,9,ZSF
1675,30/01/2023,7,3,5,8,10,JSU
1676,30/01/2023,7,5,10,9,8,LEK
1677,30/01/2023,3,10,6,5,10,NAJ
1678,30/01/2023,9,10,9,6,8,POW
1679,30/01/2023,3,8,8,7,10,ZSF
1680,31/01/2023,4,3,10,3,6,JSU
1681,31/01/2023,5,3,4,7,8,LEK
1682,31/01/2023,10,7,5,8,3,NAJ
1683,31/01/2023,9,4,6,7,8,POW
1684,31/01/2023,7,8,3,3,6,ZSF
1685,01/02/2023,6,4,5,4,7,JSU
1686,01/02/2023,10,10,8,8,7,LEK
1687,01/02/2023,9,5,8,4,8,NAJ
1688,01/02/2023,10,9,8,7,10,POW
1689,01/02/2023,8,6,7,8,6,ZSF
1690,02/02/2023,5,7,10,7,6,JSU
1691,02/02/2023,8,3,10,9,4,LEK
1692,02/02/2023,3,7,10,8,9,NAJ
1693,02/02/2023,8,7,3,9,6,POW
1694,02/02/2023,10,7,6,4,8,ZSF
1695,03/02/2023,10,10,9,9,8,JSU
1696,03/02/2023,6,4,9,5,4,LEK
1697,03/02/2023,6,5,4,3,4,NAJ
1698,03/02/2023,7,5,6,8,8,POW
1699,03/02/2023,10,8,6,3,10,ZSF
1700,04/02/2023,5,5,9,8,5,JSU
1701,04/02/2023,3,10,7,8,7,LEK
1702,04/02/2023,6,10,10,6,4,NAJ
1703,04/02/2023,3,8,5,7,9,POW
1704,04/02/2023,4,7,6,9,10,ZSF
1705,05/02/2023,9,3,9,6,4,JSU
1706,05/02/2023,3,4,10,6,9,LEK
1707,05/02/2023,10,8,5,8,3,NAJ
1708,05/02/2023,3,7,7,4,3,POW
1709,05/02/2023,6,8,7,9,8,ZSF
1710,06/02/2023,5,7,6,4,4,JSU
1711,06/02/2023,5,7,10,9,3,LEK
1712,06/02/2023,5,6,4,9,4,NAJ
1713,06/02/2023,9,3,9,3,8,POW
1714,06/02/2023,5,7,9,7,9,ZSF
1715,07/02/2023,4,10,3,5,7,JSU
1716,07/02/2023,10,8,6,10,4,LEK
1717,07/02/2023,9,5,7,9,3,NAJ
1718,07/02/2023,10,7,7,6,6,POW
1719,07/02/2023,10,9,8,3,3,ZSF
1720,08/02/2023,3,10,7,10,8,JSU
1721,08/02/2023,6,8,10,4,9,LEK
1722,08/02/2023,3,3,6,6,10,NAJ
1723,08/02/2023,10,3,8,3,9,POW
1724,08/02/2023,8,5,4,10,7,ZSF
1725,09/02/2023,6,8,10,5,9,JSU
1726,09/02/2023,10,10,5,3,5,LEK
1727,09/02/2023,7,5,8,8,8,NAJ
1728,09/02/2023,9,3,9,3,8,POW
1729,09/02/2023,9,6,9,7,8,ZSF
1730,10/02/2023,9,7,6,4,4,JSU
1731,10/02/2023,10,6,3,4,8,LEK
1732,10/02/2023,3,4,6,8,6,NAJ
1733,10/02/2023,10,9,5,9,5,POW
1734,10/02/2023,9,10,7,7,9,ZSF
1735,11/02/2023,7,5,10,5,7,JSU
1736,11/02/2023,9,9,8,8,9,LEK
1737,11/02/2023,7,6,4,8,9,NAJ
1738,11/02/2023,3,10,3,10,6,POW
1739,11/02/2023,3,10,8,4,8,ZSF
1740,12/02/2023,3,3,4,4,6,JSU
1741,12/02/2023,4,4,9,4,6,LEK
1742,12/02/2023,7,3,6,7,9,NAJ
1743,12/02/2023,4,8,9,8,8,POW
1744,12/02/2023,3,5,10,7,3,ZSF
1745,13/02/2023,9,3,6,5,10,JSU
1746,13/02/2023,8,4,9,5,6,LEK
1747,13/02/2023,8,3,5,8,3,NAJ
1748,13/02/2023,4,9,10,10,9,POW
1749,13/02/2023,7,5,4,9,4,ZSF
1750,14/02/2023,7,8,6,6,6,JSU
1751,14/02/2023,5,5,4,9,5,LEK
1752,14/02/2023,7,3,4,5,6,NAJ
1753,14/02/2023,4,8,3,7,5,POW
1754,14/02/2023,7,3,3,3,6,ZSF
1755,15/02/2023,8,7,7,3,6,JSU
1756,15/02/2023,4,10,4,7,10,LEK
1757,15/02/2023,9,9,4,8,8,NAJ
1758,15/02/2023,3,10,8,3,8,POW
1759,15/02/2023,5,5,10,7,4,ZSF
1760,16/02/2023,5,10,5,4,3,JSU
1761,16/02/2023,4,9,10,3,6,LEK
1762,16/02/2023,7,7,5,7,3,NAJ
1763,16/02/2023,5,9,3,6,5,POW
1764,16/02/2023,8,4,8,5,10,ZSF
1765,17/02/2023,8,8,9,5,9,JSU
1766,17/02/2023,4,4,7,10,9,LEK
1767,17/02/2023,6,3,7,10,9,NAJ
1768,17/02/2023,5,6,3,4,6,POW
1769,17/02/2023,8,6,9,5,3,ZSF
1770,18/02/2023,4,9,9,9,4,JSU
1771,18/02/2023,6,6,10,6,7,LEK
1772,18/02/2023,7,6,8,7,8,NAJ
1773,18/02/2023,9,10,4,4,7,POW
1774,18/02/2023,4,7,4,3,7,ZSF
1775,19/02/2023,5,4,9,6,3,JSU
1776,19/02/2023,9,6,4,9,8,LEK
1777,19/02/2023,5,6,4,8,3,NAJ
1778,19/02/2023,9,4,4,4,10,POW
1779,19/02/2023,10,5,4,3,6,ZSF
1780,20/02/2023,9,7,10,4,6,JSU
1781,20/02/2023,5,5,8,3,9,LEK
1782,20/02/2023,3,6,6,9,7,NAJ
1783,20/02/2023,8,7,8,8,5,POW
1784,20/02/2023,10,5,3,4,3,ZSF
1785,21/02/2023,5,8,9,4,7,JSU
1786,21/02/2023,9,7,4,6,5,LEK
1787,21/02/2023,8,8,7,8,3,NAJ
1788,21/02/2023,10,4,3,8,10,POW
1789,21/02/2023,7,4,3,8,9,ZSF
1790,22/02/2023,5,8,4,4,9,JSU
1791,22/02/2023,8,7,7,4,4,LEK
1792,22/02/2023,5,4,9,8,6,NAJ
1793,22/02/2023,5,7,3,6,6,POW
1794,22/02/2023,5,4,9,4,9,ZSF
1795,23/02/2023,6,6,6,9,9,JSU
1796,23/02/2023,7,4,5,7,8,LEK
1797,23/02/2023,4,8,4,9,4,NAJ
1798,23/02/2023,5,10,4,7,9,POW
1799,23/02/2023,8,6,4,7,7,ZSF
1800,24/02/2023,5,6,9,10,5,JSU
1801,24/02/2023,8,9,9,4,8,LEK
1802,24/02/2023,6,7,8,6,5,NAJ
1803,24/02/2023,3,7,4,5,3,POW
1804,24/02/2023,4,3,4,9,4,ZSF
1805,25/02/2023,4,4,9,7,6,JSU
1806,25/02/2023,4,5,7,3,8,LEK
1807,25/02/2023,6,10,6,7,4,NAJ
1808,25/02/2023,3,5,9,4,5,POW
1809,25/02/2023,6,4,10,3,7,ZSF
1810,26/02/2023,7,9,6,8,9,JSU
1811,26/02/2023,6,9,3,7,4,LEK
1812,26/02/2023,9,6,9,5,7,NAJ
1813,26/02/2023,7,10,7,6,5,POW
1814,26/02/2023,5,6,4,6,6,ZSF
1815,27/02/2023,6,8,7,7,3,JSU
1816,27/02/2023,7,3,6,10,5,LEK
1817,27/02/2023,6,7,8,6,6,NAJ
1818,27/02/2023,9,7,3,10,8,POW
1819,27/02/2023,6,6,10,5,7,ZSF
1820,28/02/2023,7,6,7,9,3,JSU
1821,28/02/2023,6,7,8,7,9,LEK
1822,28/02/2023,4,10,10,9,9,NAJ
1823,28/02/2023,6,10,4,3,7,POW
1824,28/02/2023,7,6,3,4,10,ZSF
1825,01/03/2023,8,8,7,4,5,JSU
1826,01/03/2023,10,6,3,5,5,LEK
1827,01/03/2023,5,4,3,9,4,NAJ
1828,01/03/2023,4,3,3,7,10,POW
1829,01/03/2023,3,6,5,5,8,ZSF
1830,02/03/2023,9,7,4,3,9,JSU
1831,02/03/2023,4,9,8,5,6,LEK
1832,02/03/2023,3,5,7,7,10,NAJ
1833,02/03/2023,9,6,8,8,7,POW
1834,02/03/2023,7,4,8,7,7,ZSF
1835,03/03/2023,10,3,3,6,8,JSU
1836,03/03/2023,8,7,5,7,10,LEK
1837,03/03/2023,3,5,10,6,8,NAJ
1838,03/03/2023,4,10,8,5,9,POW
1839,03/03/2023,7,7,6,3,3,ZSF
1840,04/03/2023,7,10,10,4,9,JSU
1841,04/03/2023,6,7,10,8,4,LEK
1842,04/03/2023,3,7,7,3,8,NAJ
1843,04/03/2023,7,4,7,4,4,POW
1844,04/03/2023,9,8,5,8,9,ZSF
1845,05/03/2023,10,9,7,9,5,JSU
1846,05/03/2023,5,6,3,7,10,LEK
1847,05/03/2023,10,3,5,8,3,NAJ
1848,05/03/2023,7,5,8,10,6,POW
1849,05/03/2023,3,5,10,9,8,ZSF
1850,06/03/2023,9,5,7,5,10,JSU
1851,06/03/2023,7,4,4,10,10,LEK
1852,06/03/2023,7,10,10,7,3,NAJ
1853,06/03/2023,4,10,7,4,3,POW
1854,06/03/2023,3,8,10,8,6,ZSF
1855,07/03/2023,3,3,4,9,9,JSU
1856,07/03/2023,7,7,10,10,3,LEK
1857,07/03/2023,3,10,6,6,8,NAJ
1858,07/03/2023,6,3,6,10,7,POW
1859,07/03/2023,10,8,7,3,5,ZSF
1860,08/03/2023,10,8,4,3,4,JSU
1861,08/03/2023,7,7,8,3,8,LEK
1862,08/03/2023,5,5,3,3,9,NAJ
1863,08/03/2023,6,9,7,4,9,POW
1864,08/03/2023,4,5,7,6,8,ZSF
1865,09/03/2023,8,4,6,7,7,JSU
1866,09/03/2023,8,6,7,9,5,LEK
1867,09/03/2023,3,9,10,7,5,NAJ
1868,09/03/2023,5,10,9,4,6,POW
1869,09/03/2023,7,9,10,3,5,ZSF
1870,10/03/2023,7,6,5,7,6,JSU
1871,10/03/2023,3,5,9,9,3,LEK
1872,10/03/2023,4,6,7,6,6,NAJ
1873,10/03/2023,3,10,10,3,8,POW
1874,10/03/2023,9,5,9,9,9,ZSF
1875,11/03/2023,7,5,10,10,4,JSU
1876,11/03/2023,6,3,4,10,8,LEK
1877,11/03/2023,10,10,7,5,8,NAJ
1878,11/03/2023,3,6,4,9,3,POW
1879,11/03/2023,9,4,3,4,6,ZSF
1880,12/03/2023,4,8,4,7,5,JSU
1881,12/03/2023,5,9,5,10,10,LEK
1882,12/03/2023,10,9,8,4,8,NAJ
1883,12/03/2023,4,6,10,10,6,POW
1884,12/03/2023,6,3,9,6,9,ZSF
1885,13/03/2023,4,9,9,9,4,JSU
1886,13/03/2023,10,4,8,4,3,LEK
1887,13/03/2023,3,8,8,9,5,NAJ
1888,13/03/2023,4,10,10,9,5,POW
1889,13/03/2023,6,5,9,3,3,ZSF
1890,14/03/2023,8,10,4,10,4,JSU
1891,14/03/2023,6,3,8,8,8,LEK
1892,14/03/2023,7,6,6,4,10,NAJ
1893,14/03/2023,3,6,4,9,3,POW
1894,14/03/2023,9,4,7,10,10,ZSF
1895,15/03/2023,5,3,10,4,7,JSU
1896,15/03/2023,8,6,3,4,5,LEK
1897,15/03/2023,3,8,6,4,8,NAJ
1898,15/03/2023,8,3,3,5,10,POW
1899,15/03/2023,8,8,3,6,6,ZSF
1900,16/03/2023,8,9,3,7,9,JSU
1901,16/03/2023,4,4,5,4,6,LEK
1902,16/03/2023,9,4,10,6,7,NAJ
1903,16/03/2023,7,4,5,4,3,POW
1904,16/03/2023,10,5,7,5,5,ZSF
1905,17/03/2023,6,6,6,4,8,JSU
1906,17/03/2023,8,6,6,8,7,LEK
1907,17/03/2023,5,5,5,6,9,NAJ
1908,17/03/2023,7,4,4,4,10,POW
1909,17/03/2023,8,7,10,4,6,ZSF
1910,18/03/2023,3,6,5,5,3,JSU
1911,18/03/2023,7,10,10,5,3,LEK
1912,18/03/2023,8,3,4,7,6,NAJ
1913,18/03/2023,9,3,7,10,10,POW
1914,18/03/2023,3,3,7,9,7,ZSF
1915,19/03/2023,6,5,4,3,6,JSU
1916,19/03/2023,7,8,5,5,10,LEK
1917,19/03/2023,4,8,9,5,5,NAJ
1918,19/03/2023,6,10,4,8,5,POW
1919,19/03/2023,7,9,9,10,8,ZSF
1920,20/03/2023,3,5,7,10,7,JSU
1921,20/03/2023,4,7,4,5,9,LEK
1922,20/03/2023,8,7,7,3,9,NAJ
1923,20/03/2023,5,8,3,3,3,POW
1924,20/03/2023,10,6,10,4,4,ZSF
1925,21/03/2023,6,5,9,5,4,JSU
1926,21/03/2023,7,5,4,6,5,LEK
1927,21/03/2023,9,6,10,10,7,NAJ
1928,21/03/2023,4,6,5,5,7,POW
1929,21/03/2023,3,6,5,10,8,ZSF
1930,22/03/2023,3,6,6,8,3,JSU
1931,22/03/2023,6,6,9,10,8,LEK
1932,22/03/2023,6,10,9,7,5,NAJ
1933,22/03/2023,5,8,6,5,10,POW
1934,22/03/2023,4,3,9,7,3,ZSF
1935,23/03/2023,4,3,10,7,8,JSU
1936,23/03/2023,9,8,5,5,9,LEK
1937,23/03/2023,6,5,9,4,4,NAJ
1938,23/03/2023,5,8,6,10,6,POW
1939,23/03/2023,8,6,9,5,9,ZSF
1940,24/03/2023,6,10,3,4,5,JSU
1941,24/03/2023,8,7,8,8,10,LEK
1942,24/03/2023,3,9,3,4,4,NAJ
1943,24/03/2023,4,6,5,10,3,POW
1944,24/03/2023,10,7,8,5,9,ZSF
1945,25/03/2023,5,6,8,7,4,JSU
1946,25/03/2023,7,10,10,7,9,LEK
1947,25/03/2023,6,4,9,7,4,NAJ
1948,25/03/2023,10,4,3,3,4,POW
1949,25/03/2023,5,4,3,9,3,ZSF
1950,26/03/2023,10,9,4,8,4,JSU
1951,26/03/2023,4,8,8,10,8,LEK
1952,26/03/2023,6,8,7,7,9,NAJ
1953,26/03/2023,7,9,5,4,6,POW
1954,26/03/2023,6,7,3,10,10,ZSF
1955,27/03/2023,7,9,8,3,6,JSU
1956,27/03/2023,5,5,4,10,4,LEK
1957,27/03/2023,7,7,7,6,9,NAJ
1958,27/03/2023,7,9,5,5,4,POW
1959,27/03/2023,6,7,6,6,3,ZSF
1960,28/03/2023,3,10,7,7,4,JSU
1961,28/03/2023,9,3,7,8,6,LEK
1962,28/03/2023,10,3,9,6,5,NAJ
1963,28/03/2023,3,10,8,5,3,POW
1964,28/03/2023,5,9,7,7,9,ZSF
1965,29/03/2023,10,4,8,6,5,JSU
1966,29/03/2023,5,6,8,9,3,LEK
1967,29/03/2023,3,5,4,10,6,NAJ
1968,29/03/2023,6,8,6,8,9,POW
1969,29/03/2023,4,7,9,8,5,ZSF
1970,30/03/2023,3,3,9,8,9,JSU
1971,30/03/2023,5,9,3,9,4,LEK
1972,30/03/2023,4,8,5,9,8,NAJ
1973,30/03/2023,3,9,6,5,7,POW
1974,30/03/2023,10,5,6,3,8,ZSF
1975,31/03/2023,3,9,7,3,5,JSU
1976,31/03/2023,8,6,6,7,6,LEK
1977,31/03/2023,8,8,10,8,5,NAJ
1978,31/03/2023,4,8,5,3,9,POW
1979,31/03/2023,7,5,4,5,9,ZSF
